2pIsoE4_1,-1,00_C1_2pIsoE4,1,01_C2_2pIsoE4,0.0060556
2pIsoE4_2,-1,02_F1_2pIsoE4,1,03_F2_2pIsoE4,0.0428678
2pIsoE4_3,-1,04_N1_2pIsoE4,1,05_N2_2pIsoE4,0.0909946
2pIsoE4_4,-1,06_O1_2pIsoE4,1,07_O2_2pIsoE4,0.0157766
3dAEE8_1,-1,11_Sc_gs_3dAEE8,1,10_Sc_es_3dAEE8,0.05245
3dAEE8_2,-1,07_Mn+_gs_3dAEE8,1,06_Mn+_es_3dAEE8,0.04315
3dAEE8_3,-1,05_Fe_gs_3dAEE8,1,04_Fe_es_3dAEE8,0.05469
3dAEE8_4,-1,09_Ni+_gs_3dAEE8,1,08_Ni+_es_3dAEE8,0.03987
3dAEE8_5,-1,15_Zn_gs_3dAEE8,1,14_Zn_es_3dAEE8,0.14897
3dAEE8_6,-1,01_Ca+_gs_3dAEE8,1,00_Ca+_es_3dAEE8,0.0623098
3dAEE8_7,-1,12_V_es_3dAEE8,1,13_V_gs_3dAEE8,0.0089242
3dAEE8_8,-1,03_Fe2_gs_3dAEE8,1,02_Fe2_es_3dAEE8,0.0194738
4dAEE5_1,-1,01_Mo+_gs_4dAEE5,1,00_Mo+_es_4dAEE5,0.07005
4dAEE5_2,-1,03_Pd_gs_4dAEE5,1,06_Ru+_es_4dAEE5,0.04008
4dAEE5_3,-1,05_Rh+_gs_4dAEE5,1,04_Rh+_es_4dAEE5,0.02967
4dAEE5_4,-1,07_Ru+_gs_4dAEE5,1,02_Pd_es_4dAEE5,0.035
4dAEE5_5,-1,09_Y+_gs_4dAEE5,1,08_Y+_es_4dAEE5,0.00543
4pIsoE4_1,-1,00_As1_4pIsoE4,1,01_As2_4pIsoE4,0.0525888
4pIsoE4_2,-1,02_Br1_4pIsoE4,1,03_Br2_4pIsoE4,-0.0100396
4pIsoE4_3,-1,04_Ge1_4pIsoE4,1,05_Ge2_4pIsoE4,0.0392026
4pIsoE4_4,-1,06_Se1_4pIsoE4,1,07_Se2_4pIsoE4,0.0331469
ABDE13_01,-1,CH3_ABDE13,-1,CH2CH_ABDE13,1,C3H6_ABDE13,0.17083420317477518
ABDE13_02,-1,CH3_ABDE13,-1,HCOO_ABDE13,1,mf_ABDE13,0.15457945623090663
ABDE13_03,-1,butane_ABDE13,1,R3_CH3CH2CH2_ABDE13,1,CH3_ABDE13,0.15330457411766205
ABDE13_04,-1,butane_ABDE13,2,R4_CH3CH2_ABDE13,0.15043608936286174
ABDE13_05,-1,hexene_ABDE13,1,CHCHCH2CH3_ABDE13,1,R4_CH3CH2_ABDE13,0.16637211577841912
ABDE13_06,-1,hexene_ABDE13,1,CH2CHCHCH2CH3_ABDE13,1,CH3_ABDE13,0.12780693185277023
ABDE13_07,-1,pentene_ABDE13,1,CH2CHCH2CH2_ABDE13,1,CH3_ABDE13,0.1536232946459732
ABDE13_08,-1,pentene_ABDE13,1,CH2CHCH2_ABDE13,1,R4_CH3CH2_ABDE13,0.1274882113244591
ABDE13_09,-1,pentene_ABDE13,1,CH2CH_ABDE13,1,R3_CH3CH2CH2_ABDE13,0.16939996079737502
ABDE13_10,-1,mb_ABDE13,1,R5_CH3OCOCH2H2_ABDE13,1,CH3_ABDE13,0.15521689728752894
ABDE13_11,-1,mb_ABDE13,1,R4_CH3CH2_ABDE13,1,R4_CH3OCOCH2_ABDE13,0.14533656090988337
ABDE13_12,-1,mb_ABDE13,1,CH3OCO_ABDE13,1,R3_CH3CH2CH2_ABDE13,0.1572885807215514
ABDE13_13,-1,mb_ABDE13,1,R1_OCOCH2CH2CH3_ABDE13,1,CH3_ABDE13,0.14979864830623943
AE17_01,1,AE17_H,-0.5
AE17_02,1,AE17_He,-2.90372
AE17_03,1,AE17_Li,-7.47806
AE17_04,1,AE17_Be,-14.66736
AE17_05,1,AE17_B,-24.65391
AE17_06,1,AE17_C,-37.845
AE17_07,1,AE17_N,-54.5892
AE17_08,1,AE17_O,-75.0673
AE17_09,1,AE17_F,-99.7339
AE17_10,1,AE17_Ne,-128.9376
AE17_11,1,AE17_Na,-162.2546
AE17_12,1,AE17_Mg,-200.053
AE17_13,1,AE17_Al,-242.346
AE17_14,1,AE17_Si,-289.359
AE17_15,1,AE17_P,-341.259
AE17_16,1,AE17_S,-398.11
AE17_17,1,AE17_Cl,-460.148
DC9-12_1,-1,09_hcn-bf3_DC9,1,10_hcn_DC9,1,00_bf3_DC9,0.0090835
DC9-12_2,-1,02_c6cl6_DC9,6,05_cl2_DC9,1,04_c6h6_DC9,-6,08_hcl_DC9,0.2363312
DC9-12_3,-1,16_p4_DC9,4,15_p_DC9,0.4619852
DC9-12_4,-1,20_sf6_DC9,1,19_s_DC9,6,06_f_DC9,0.760945
DC9-12_5,-1,18_pf5_DC9,1,15_p_DC9,5,06_f_DC9,0.8866802
DC9-12_6,-1,17_p4o10_DC9,1,16_p4_DC9,5,13_o2_DC9,1.1469154
DC9-12_7,-1,03_c6f6_DC9,6,01_c_DC9,6,06_f_DC9,2.2120791
DC9-12_8,-1,22_tmos_DC9,1,21_si_DC9,4,01_c_DC9,4,12_o_DC9,12,07_h_DC9,3.224654
DC9-12_9,-1,23_urotropin_DC9,6,01_c_DC9,4,11_n_DC9,12,07_h_DC9,3.4279976
EA13_1,1,C-EA13,-1,C--EA13,0.04651726111
EA13_10,1,PH-EA13,-1,PH--EA13,0.03697158128
EA13_11,1,PH2-EA13,-1,PH2--EA13,0.04685191766
EA13_12,1,S2-EA13,-1,S2--EA13,0.06135370170
EA13_13,1,Si-EA13,-1,Si--EA13,0.05152117340
EA13_2,1,S-EA13,-1,S--EA13,0.07634950256
EA13_3,1,SH-EA13,-1,SH--EA13,0.08579956622
EA13_4,1,Cl-EA13,-1,Cl--EA13,0.13424508652
EA13_5,1,Cl2-EA13,-1,Cl2--EA13,0.08860430687
EA13_6,1,OH-EA13,-1,OH--EA13,0.06740939174
EA13_7,1,O-EA13,-1,O--EA13,0.05381596121
EA13_8,1,O2-EA13,-1,O2--EA13,0.01721090853
EA13_9,1,P-EA13,-1,P--EA13,0.02696375670
HC7-11_1,-1,00_1,1,01_22,0.0228522
HC7-11_2,-1,00_1,1,02_31,0.0398719
HC7-11_3,-1,10_octane-a,1,11_octane-b,0.0030278
HC7-11_4,-1,08_hexane,5,05_ethane,-4,09_methane,0.015633
HC7-11_5,-1,11_octane-b,7,05_ethane,-6,09_methane,0.023649
HC7-11_6,-1,03_adamantane,3,06_ethylene,2,07_ethyne,0.3091427
HC7-11_7,-1,04_bicycoct,3,06_ethylene,1,07_ethyne,0.2027379
HTBH38_1,-1,MN_65_H_upper_BH76,-1,MN_47_HCl_upper_BH76,1,MN_78_RKT01_BH76,0.009083535
HTBH38_10,-1,MN_65_H_upper_BH76,-1,MN_42_H2_BH76,1,MN_82_RKT06_BH76,0.015298585
HTBH38_11,-1,MN_75_OH_upper_BH76,-1,MN_71_NH3_BH76,1,MN_83_RKT07_BH76,0.004780808
HTBH38_12,-1,MN_43_H2O_BH76,-1,MN_70_NH2_BH76,1,MN_83_RKT07_BH76,0.020238754
HTBH38_13,-1,MN_47_HCl_upper_BH76,-1,MN_24_CH3_upper_BH76,1,MN_84_RKT08_BH76,0.002709124
HTBH38_14,-1,MN_31_Cl_upper_BH76,-1,MN_25_CH4_BH76,1,MN_84_RKT08_BH76,0.011250835
HTBH38_15,-1,MN_75_OH_upper_BH76,-1,MN_15_C2H6_BH76,1,MN_85_RKT09_BH76,0.005099528
HTBH38_16,-1,MN_43_H2O_BH76,-1,MN_14_C2H5_upper_BH76,1,MN_85_RKT09_BH76,0.031712693
HTBH38_17,-1,MN_41_F_upper_BH76,-1,MN_42_H2_BH76,1,MN_86_RKT10_BH76,0.002262916
HTBH38_18,-1,MN_56_HF_upper_BH76,-1,MN_65_H_upper_BH76,1,MN_86_RKT10_BH76,0.053226328
HTBH38_19,-1,MN_72_O_BH76,-1,MN_25_CH4_BH76,1,MN_87_RKT11_BH76,0.021465828
HTBH38_2,-1,MN_42_H2_BH76,-1,MN_31_Cl_upper_BH76,1,MN_78_RKT01_BH76,0.012525717
HTBH38_20,-1,MN_75_OH_upper_BH76,-1,MN_24_CH3_upper_BH76,1,MN_87_RKT11_BH76,0.012589461
HTBH38_21,-1,MN_65_H_upper_BH76,-1,MN_77_PH3_BH76,1,MN_88_RKT12_BH76,0.004940168
HTBH38_22,-1,MN_42_H2_BH76,-1,MN_76_PH2_BH76,1,MN_88_RKT12_BH76,0.036971581
HTBH38_23,-1,MN_65_H_upper_BH76,-1,MN_75_OH_upper_BH76,1,MN_89_RKT14_BH76,0.016732828
HTBH38_24,-1,MN_42_H2_BH76,-1,MN_72_O_BH76,1,MN_89_RKT14_BH76,0.020509666
HTBH38_25,-1,MN_65_H_upper_BH76,-1,MN_44_H2S_BH76,1,MN_90_RKT16_BH76,0.005577609
HTBH38_26,-1,MN_42_H2_BH76,-1,MN_64_HS_BH76,1,MN_90_RKT16_BH76,0.026708780
HTBH38_27,-1,MN_72_O_BH76,-1,MN_47_HCl_upper_BH76,1,MN_91_RKT17_BH76,0.015250777
HTBH38_28,-1,MN_75_OH_upper_BH76,-1,MN_31_Cl_upper_BH76,1,MN_91_RKT17_BH76,0.014916121
HTBH38_29,-1,MN_70_NH2_BH76,-1,MN_24_CH3_upper_BH76,1,MN_92_RKT18_BH76,0.012748821
HTBH38_3,-1,MN_75_OH_upper_BH76,-1,MN_42_H2_BH76,1,MN_79_RKT02_BH76,0.007808653
HTBH38_30,-1,MN_69_NH_BH76,-1,MN_25_CH4_BH76,1,MN_92_RKT18_BH76,0.035696699
HTBH38_31,-1,MN_70_NH2_BH76,-1,MN_14_C2H5_upper_BH76,1,MN_93_RKT19_BH76,0.011952020
HTBH38_32,-1,MN_69_NH_BH76,-1,MN_15_C2H6_BH76,1,MN_93_RKT19_BH76,0.029162928
HTBH38_33,-1,MN_15_C2H6_BH76,-1,MN_70_NH2_BH76,1,MN_94_RKT20_BH76,0.016573467
HTBH38_34,-1,MN_14_C2H5_upper_BH76,-1,MN_71_NH3_BH76,1,MN_94_RKT20_BH76,0.027728686
HTBH38_35,-1,MN_70_NH2_BH76,-1,MN_25_CH4_BH76,1,MN_95_RKT21_BH76,0.023107238
HTBH38_36,-1,MN_71_NH3_BH76,-1,MN_24_CH3_upper_BH76,1,MN_95_RKT21_BH76,0.028366127
HTBH38_37,-1,MN_18_C5H8_BH76,1,MN_96_RKT22_BH76,0.061194341
HTBH38_38,-1,MN_18_C5H8_BH76,1,MN_96_RKT22_BH76,0.061194341
HTBH38_4,-1,MN_43_H2O_BH76,-1,MN_65_H_upper_BH76,1,MN_79_RKT02_BH76,0.033784376
HTBH38_5,-1,MN_24_CH3_upper_BH76,-1,MN_42_H2_BH76,1,MN_80_RKT03_BH76,0.019282592
HTBH38_6,-1,MN_25_CH4_BH76,-1,MN_65_H_upper_BH76,1,MN_80_RKT03_BH76,0.024382120
HTBH38_7,-1,MN_75_OH_upper_BH76,-1,MN_25_CH4_BH76,1,MN_81_RKT04_BH76,0.010358417
HTBH38_8,-1,MN_43_H2O_BH76,-1,MN_24_CH3_upper_BH76,1,MN_81_RKT04_BH76,0.031234612
HTBH38_9,-1,MN_65_H_upper_BH76,-1,MN_42_H2_BH76,1,MN_82_RKT06_BH76,0.015298585
IP23_1,-1,02_C_IP23,1,01_C+_IP23,0.4138645
IP23_10,-1,18_PH_IP23,1,17_PH+_IP23,0.3730677
IP23_11,-1,16_PH2_IP23,1,15_PH2+_IP23,0.3606375
IP23_12,-1,20_S2_IP23,1,19_S2+_IP23,0.3442231
IP23_13,-1,26_Si_IP23,1,25_Si+_IP23,0.2994422
IP23_14,-1,27_Cr_IP23,1,28_Cr+_IP23,0.2486199
IP23_15,-1,29_Cu_IP23,1,30_Cu+_IP23,0.283941
IP23_16,-1,31_FeC_IP23,1,32_FeC+_IP23,0.2768287
IP23_17,-1,33_Mo_IP23,1,34_Mo+_IP23,0.2608924
IP23_18,-1,35_Pd_IP23,1,36_Pd+_IP23,0.3063586
IP23_19,-1,37_Rh_IP23,1,38_Rh+_IP23,0.2742789
IP23_2,-1,22_S_IP23,1,21_S+_IP23,0.3807171
IP23_20,-1,39_Ru_IP23,1,40_Ru+_IP23,0.2706932
IP23_21,-1,41_Zn_IP23,1,42_Zn+_IP23,0.3452255
IP23_22,-1,43_Co_IP23,1,44_Co+_IP23,0.2886056
IP23_23,-1,45_Sc_IP23,1,46_Sc+_IP23,0.2411474
IP23_3,-1,24_SH_IP23,1,23_SH+_IP23,0.3807171
IP23_4,-1,06_Cl_IP23,1,05_Cl+_IP23,0.4766534
IP23_5,-1,04_Cl2_IP23,1,03_Cl2+_IP23,0.4227888
IP23_6,-1,12_OH_IP23,1,11_OH+_IP23,0.4766534
IP23_7,-1,10_O_IP23,1,09_O+_IP23,0.500239
IP23_8,-1,08_O2_IP23,1,07_O2+_IP23,0.4444622
IP23_9,-1,14_P_IP23,1,13_P+_IP23,0.385498
IsoL6_11_1,-1,01_10-educt_ISOL6,1,02_10-product_ISOL6,0.010868
IsoL6_11_2,-1,03_13-educt_ISOL6,1,04_13-product_ISOL6,0.053417
IsoL6_11_3,-1,05_14-educt_ISOL6,1,06_14-product_ISOL6,0.008446
IsoL6_11_4,-1,07_20-educt_ISOL6,1,08_20-product_ISOL6,0.007426
IsoL6_11_5,-1,09_3-educt_ISOL6,1,10_3-product_ISOL6,0.015569
IsoL6_11_6,-1,11_9-educt_ISOL6,1,12_9-product_ISOL6,0.034677
MR-MGM-BE4_1,-1,02_CaO_MR-MGM-BE4,1,01_Ca_MR-MGM-BE4,1,10_O_MR-MGM-BE4,0.1532248
MR-MGM-BE4_2,-1,04_KO-_MR-MGM-BE4,1,03_K_MR-MGM-BE4,1,09_O-_MR-MGM-BE4,0.0528119
MR-MGM-BE4_3,-1,06_LiO-_MR-MGM-BE4,1,05_Li_MR-MGM-BE4,1,09_O-_MR-MGM-BE4,0.0917755
MR-MGM-BE4_4,-1,08_MgS_MR-MGM-BE4,1,07_Mg_MR-MGM-BE4,1,11_S_MR-MGM-BE4,0.0887317
MR-MGN-BE17_1,-1,11_NF3_MR-MGN-BE17,1,09_N_MR-MGN-BE17,3,07_F_MR-MGN-BE17,0.3259394
MR-MGN-BE17_10,-1,14_O2_MR-MGN-BE17,2,13_O_MR-MGN-BE17,0.1918218
MR-MGN-BE17_11,-1,12_NO_MR-MGN-BE17,1,09_N_MR-MGN-BE17,1,13_O_MR-MGN-BE17,0.243343
MR-MGN-BE17_12,-1,02_CN_MR-MGN-BE17,1,01_C_MR-MGN-BE17,1,09_N_MR-MGN-BE17,0.2888722
MR-MGN-BE17_13,-1,21_b2_MR-MGN-BE17,2,20_b_MR-MGN-BE17,0.1074087
MR-MGN-BE17_14,-1,25_o3_MR-MGN-BE17,1,13_O_MR-MGN-BE17,1,14_O2_MR-MGN-BE17,0.0424057
MR-MGN-BE17_15,-1,22_c2_MR-MGN-BE17,2,01_C_MR-MGN-BE17,0.2340682
MR-MGN-BE17_16,-1,27_s4_MR-MGN-BE17,2,26_s2_MR-MGN-BE17,0.0410352
MR-MGN-BE17_17,-1,24_cl2o_MR-MGN-BE17,1,13_O_MR-MGN-BE17,1,23_cl2_MR-MGN-BE17,0.0664691
MR-MGN-BE17_2,-1,04_CO2_MR-MGN-BE17,1,01_C_MR-MGN-BE17,2,13_O_MR-MGN-BE17,0.6208833
MR-MGN-BE17_3,-1,19_SiO_MR-MGN-BE17,1,18_Si_MR-MGN-BE17,1,13_O_MR-MGN-BE17,0.306609
MR-MGN-BE17_4,-1,17_SO2_MR-MGN-BE17,1,15_S_MR-MGN-BE17,2,13_O_MR-MGN-BE17,0.413715
MR-MGN-BE17_5,-1,03_CO_MR-MGN-BE17,1,01_C_MR-MGN-BE17,1,13_O_MR-MGN-BE17,0.4134122
MR-MGN-BE17_6,-1,16_SO_MR-MGN-BE17,1,15_S_MR-MGN-BE17,1,13_O_MR-MGN-BE17,0.2002998
MR-MGN-BE17_7,-1,06_ClO_MR-MGN-BE17,1,13_O_MR-MGN-BE17,1,05_Cl_MR-MGN-BE17,0.1033291
MR-MGN-BE17_8,-1,08_F2_MR-MGN-BE17,2,07_F_MR-MGN-BE17,0.0609871
MR-MGN-BE17_9,-1,10_N2_MR-MGN-BE17,2,09_N_MR-MGN-BE17,0.3641062
MR-TM-BE13_1,-1,26_TiCl_MR-TM-BE13,1,25_Ti_MR-TM-BE13,1,06_Cl_ma_MR-TM-BE13,0.1606031
MR-TM-BE13_10,-1,12_CuCl-nr_MR-TM-BE13,1,11_Cu-nr_MR-TM-BE13,1,06_Cl_ma_MR-TM-BE13,0.13976
MR-TM-BE13_11,-1,13_CuH-nr_MR-TM-BE13,1,11_Cu-nr_MR-TM-BE13,1,18_H_MR-TM-BE13,0.099759
MR-TM-BE13_12,-1,22_NiCl-nr_MR-TM-BE13,1,20_Ni-nr_MR-TM-BE13,1,06_Cl_ma_MR-TM-BE13,0.14
MR-TM-BE13_13,-1,30_VO-nr_MR-TM-BE13,1,28_V_MR-TM-BE13,1,23_O_MR-TM-BE13,0.2406
MR-TM-BE13_2,-1,29_VF5_MR-TM-BE13,1,28_V_MR-TM-BE13,5,14_F_MR-TM-BE13,0.8990301
MR-TM-BE13_3,-1,08_CrCl_MR-TM-BE13,1,10_Cr_mrbe5_MR-TM-BE13,1,06_Cl_ma_MR-TM-BE13,0.143663
MR-TM-BE13_4,-1,09_CrOF_MR-TM-BE13,1,10_Cr_mrbe5_MR-TM-BE13,1,23_O_MR-TM-BE13,1,14_F_MR-TM-BE13,0.3945438
MR-TM-BE13_5,-1,16_FeBr2_dimer_MR-TM-BE13,2,15_Fe_MR-TM-BE13,4,01_Br_MR-TM-BE13,0.584533
MR-TM-BE13_6,-1,07_CoCO4HMR-TM-BE13,1,05_Co_MR-TM-BE13,4,02_C_MR-TM-BE13,4,23_O_MR-TM-BE13,1,18_H_MR-TM-BE13,1.9603365
MR-TM-BE13_7,-1,21_NiCH2+_MR-TM-BE13,1,19_Ni+_MR-TM-BE13,1,03_CH2_MR-TM-BE13,0.12159
MR-TM-BE13_8,-1,17_FeCO5_MR-TM-BE13,1,15_Fe_MR-TM-BE13,5,04_CO_MR-TM-BE13,0.234897
MR-TM-BE13_9,-1,31_VS_MR-TM-BE13,1,28_V_MR-TM-BE13,1,24_S_MR-TM-BE13,0.170356
MR-TMD_BE3_1,-1,02_Cr2_MR-TMD-BE3,2,01_Cr_MR-TMD-BE3,0.0574
MR-TMD_BE3_2,-1,04_Fe2_MR-TMD-BE3,2,03_Fe_MR-TMD-BE3,0.10231
MR-TMD_BE3_3,-1,06_V2_MR-TMD-BE3,2,05_V_MR-TMD-BE3,0.0423739
NCCE23_1,-1,44_NH3-NH3_NCCE30,2,45_NH3_NCCE30,0.00502
NCCE23_14,-1,26_H2S-H2S_NCCE30,2,28_H2S_NCCE30,0.00265
NCCE23_15,-1,36_HCl-HCl_NCCE30,2,37_HCl_NCCE30,0.0032
NCCE23_16,-1,27_H2S-HCl_NCCE30,1,37_HCl_NCCE30,1,28_H2S_NCCE30,0.00534
NCCE23_17,-1,11_CH3Cl-HCl_NCCE30,1,12_CH3Cl_NCCE30,1,37_HCl_NCCE30,0.00566
NCCE23_18,-1,29_HCN-CH3SH_NCCE30,1,31_HCN_NCCE30,1,14_CH3SH_NCCE30,0.00572
NCCE23_19,-1,13_CH3SH-HCl_NCCE30,1,14_CH3SH_NCCE30,1,37_HCl_NCCE30,0.00663
NCCE23_2,-1,38_HF-HF_NCCE30,2,39_HF_NCCE30,0.00728
NCCE23_20,-1,16_CH4-Ne_NCCE30,1,17_CH4_NCCE30,1,46_Ne_NCCE30,0.00035
NCCE23_21,-1,09_C6H6-Ne_NCCE30,1,10_C6H6_NCCE30,1,46_Ne_NCCE30,0.00075
NCCE23_22,-1,15_CH4-CH4_NCCE30,2,17_CH4_NCCE30,0.00081
NCCE23_23,-1,18_CO2-Ar_NCCE30,1,19_CO2_NCCE30,1,01_Ar_NCCE30,0.00091
NCCE23_24,-1,02_C2H2-C2H2_NCCE30,2,04_C2H2_NCCE30,0.00214
NCCE23_25,-1,05_C2H4-C2H4_NCCE30,2,07_C2H4_NCCE30,0.00226
NCCE23_26,-1,48_S-C6H6-C6H6_NCCE30,2,10_C6H6_NCCE30,0.00288
NCCE23_27,-1,49_T-C6H6-C6H6_NCCE30,2,10_C6H6_NCCE30,0.00437
NCCE23_28,-1,47_P-C6H6-C6H6_NCCE30,2,10_C6H6_NCCE30,0.00443
NCCE23_29,-1,50_p-C2O4_NCCE30,2,19_CO2_NCCE30,0.00237
NCCE23_3,-1,24_H2O-H2O_NCCE30,2,25_H2O_NCCE30,0.00792
NCCE23_30,-1,51_s-C10H10N2_NCCE30,2,08_C5H5N_NCCE30,0.00461
NCCE23_4,-1,43_NH3-H2O_NCCE30,1,45_NH3_NCCE30,1,25_H2O_NCCE30,0.01021
NCCE23_5,-1,32_HCONH2-HCONH2_NCCE30,2,33_HCONH2_NCCE30,0.02381
NCCE23_6,-1,34_HCOOH-HCOOH_NCCE30,2,35_HCOOH_NCCE30,0.02574
CT7_1,-1,06_C2H4-F2_NCCE30,1,07_C2H4_NCCE30,1,22_F2_NCCE30,0.00169
CT7_2,-1,42_NH3-F2_NCCE30,1,45_NH3_NCCE30,1,22_F2_NCCE30,0.0028844
CT7_3,-1,03_C2H2-ClF_NCCE30,1,04_C2H2_NCCE30,1,21_ClF_NCCE30,0.00607
CT7_4,-1,30_HCN-ClF_NCCE30,1,31_HCN_NCCE30,1,21_ClF_NCCE30,0.00774
CT7_5,-1,40_NH3-Cl2_NCCE30,1,45_NH3_NCCE30,1,20_Cl2_NCCE30,0.00778
CT7_6,-1,23_H2O-ClF_NCCE30,1,25_H2O_NCCE30,1,21_ClF_NCCE30,0.00854
CT7_7,-1,41_NH3-ClF_NCCE30,1,45_NH3_NCCE30,1,21_ClF_NCCE30,0.01692
NGDWI21_1,-1,06_He2_c0_m1_NGDWI21,2,05_He_NGDWI21,0.000035
NGDWI21_10,-1,03_ArAr_L_c0_m1_NGDWI21,2,01_Ar_NGDWI21,0.000225
NGDWI21_11,-1,04_ArAr_R_c0_m1_NGDWI21,2,01_Ar_NGDWI21,0.000381
NGDWI21_12,-1,24_NeNe_L_c0_m1_NGDWI21,2,19_Ne_NGDWI21,0.000024
NGDWI21_13,-1,25_NeNe_R_c0_m1_NGDWI21,2,19_Ne_NGDWI21,0.000107
NGDWI21_14,-1,17_KrKr_L_c0_m1_NGDWI21,2,15_Kr_NGDWI21,0.000376
NGDWI21_15,-1,18_KrKr_R_c0_m1_NGDWI21,2,15_Kr_NGDWI21,0.000547
NGDWI21_16,-1,12_HeNe_L_c0_m1_NGDWI21,1,05_He_NGDWI21,1,19_Ne_NGDWI21,0.00001
NGDWI21_17,-1,13_HeNe_R_c0_m1_NGDWI21,1,05_He_NGDWI21,1,19_Ne_NGDWI21,0.000053
NGDWI21_18,-1,07_HeAr_L_c0_m1_NGDWI21,1,05_He_NGDWI21,1,01_Ar_NGDWI21,0.00004
NGDWI21_19,-1,08_HeAr_R_c0_m1_NGDWI21,1,05_He_NGDWI21,1,01_Ar_NGDWI21,0.000078
NGDWI21_2,-1,20_Ne2_c0_m1_NGDWI21,2,19_Ne_NGDWI21,0.000127
NGDWI21_20,-1,21_NeAr_L_c0_m1_NGDWI21,1,19_Ne_NGDWI21,1,01_Ar_NGDWI21,0.000084
NGDWI21_21,-1,22_NeAr_R_c0_m1_NGDWI21,1,19_Ne_NGDWI21,1,01_Ar_NGDWI21,0.000174
NGDWI21_3,-1,02_Ar2_c0_m1_NGDWI21,2,01_Ar_NGDWI21,0.000462
NGDWI21_4,-1,16_Kr2_c0_m1_NGDWI21,2,15_Kr_NGDWI21,0.000637
NGDWI21_5,-1,14_HeNe_c0_m1_NGDWI21,1,05_He_NGDWI21,1,19_Ne_NGDWI21,0.000064
NGDWI21_6,-1,09_HeAr_c0_m1_NGDWI21,1,05_He_NGDWI21,1,01_Ar_NGDWI21,0.000096
NGDWI21_7,-1,23_NeAr_c0_m1_NGDWI21,1,19_Ne_NGDWI21,1,01_Ar_NGDWI21,0.000207
NGDWI21_8,-1,10_HeHe_L_c0_m1_NGDWI21,2,05_He_NGDWI21,0.000011
NGDWI21_9,-1,11_HeHe_R_c0_m1_NGDWI21,2,05_He_NGDWI21,0.000027
NHTBH38_1,-1,MN_57_h_lower_BH76,-1,MN_67_n2o_BH76,1,MN_68_n2ohts_BH76,0.027298413
NHTBH38_10,-1,MN_55_hf_lower_BH76,-1,MN_40_f_lower_BH76,1,MN_52_hf2ts_BH76,0.168603159
NHTBH38_11,-1,MN_22_ch3_lower_BH76,-1,MN_29_clf_BH76,1,MN_21_ch3fclts_BH76,0.010724946
NHTBH38_12,-1,MN_20_ch3f_BH76,-1,MN_30_cl_lower_BH76,1,MN_21_ch3fclts_BH76,0.094277532
NHTBH38_13,-1,MN_33_f-_BH76,-1,MN_20_ch3f_BH76,1,MN_39_fch3fts_BH76,-0.000541825
NHTBH38_14,-1,MN_20_ch3f_BH76,-1,MN_33_f-_BH76,1,MN_39_fch3fts_BH76,-0.000541825
NHTBH38_15,-1,MN_38_fch3fcomp_BH76,1,MN_39_fch3fts_BH76,0.021322403
NHTBH38_16,-1,MN_38_fch3fcomp_BH76,1,MN_39_fch3fts_BH76,0.021322403
NHTBH38_17,-1,MN_26_cl-_BH76,-1,MN_19_ch3cl_BH76,1,MN_28_clch3clts_BH76,0.004940168
NHTBH38_18,-1,MN_19_ch3cl_BH76,-1,MN_26_cl-_BH76,1,MN_28_clch3clts_BH76,0.004940168
NHTBH38_19,-1,MN_27_clch3clcomp_BH76,1,MN_28_clch3clts_BH76,0.021370211
NHTBH38_2,-1,MN_74_oh_lower_BH76,-1,MN_66_n2_BH76,1,MN_68_n2ohts_BH76,0.131105689
NHTBH38_20,-1,MN_27_clch3clcomp_BH76,1,MN_28_clch3clts_BH76,0.021370211
NHTBH38_21,-1,MN_33_f-_BH76,-1,MN_19_ch3cl_BH76,1,MN_37_fch3clts_BH76,-0.019983777
NHTBH38_22,-1,MN_26_cl-_BH76,-1,MN_20_ch3f_BH76,1,MN_37_fch3clts_BH76,0.032047349
NHTBH38_23,-1,MN_35_fch3clcomp1_BH76,1,MN_37_fch3clts_BH76,0.005481993
NHTBH38_24,-1,MN_36_fch3clcomp2_BH76,1,MN_37_fch3clts_BH76,0.046883790
NHTBH38_25,-1,MN_73_oh-_BH76,-1,MN_20_ch3f_BH76,1,MN_63_hoch3fts_BH76,-0.003888390
NHTBH38_26,-1,MN_23_ch3oh_lower_BH76,-1,MN_33_f-_BH76,1,MN_63_hoch3fts_BH76,0.028143023
NHTBH38_27,-1,MN_62_hoch3fcomp2_BH76,1,MN_63_hoch3fts_BH76,0.017465885
NHTBH38_28,-1,MN_61_hoch3fcomp1_BH76,1,MN_63_hoch3fts_BH76,0.075218045
NHTBH38_29,-1,MN_57_h_lower_BH76,-1,MN_66_n2_BH76,1,MN_59_hn2ts_BH76,0.022884134
NHTBH38_3,-1,MN_57_h_lower_BH76,-1,MN_55_hf_lower_BH76,1,MN_54_hfhts_BH76,0.067218159
NHTBH38_30,-1,MN_58_hn2_BH76,1,MN_59_hn2ts_BH76,0.016908124
NHTBH38_31,-1,MN_57_h_lower_BH76,-1,MN_32_co_BH76,1,MN_51_hcots_BH76,0.005051720
NHTBH38_32,-1,MN_50_hco_BH76,1,MN_51_hcots_BH76,0.036142908
NHTBH38_33,-1,MN_57_h_lower_BH76,-1,MN_11_c2h4_BH76,1,MN_13_c2h5ts_BH76,0.002740997
NHTBH38_34,-1,MN_12_c2h5_lower_BH76,1,MN_13_c2h5ts_BH76,0.066532910
NHTBH38_35,-1,MN_22_ch3_lower_BH76,-1,MN_11_c2h4_BH76,1,MN_17_c3h7ts_BH76,0.010916178
NHTBH38_36,-1,MN_16_c3h7_BH76,1,MN_17_c3h7ts_BH76,0.052541079
NHTBH38_37,-1,MN_48_hcn_BH76,1,MN_49_hcnts_BH76,0.076604479
NHTBH38_38,-1,MN_60_hnc_BH76,1,MN_49_hcnts_BH76,0.052302039
NHTBH38_4,-1,MN_55_hf_lower_BH76,-1,MN_57_h_lower_BH76,1,MN_54_hfhts_BH76,0.067218159
NHTBH38_5,-1,MN_57_h_lower_BH76,-1,MN_46_hcl_lower_BH76,1,MN_45_hclhts_BH76,0.028684848
NHTBH38_6,-1,MN_46_hcl_lower_BH76,-1,MN_57_h_lower_BH76,1,MN_45_hclhts_BH76,0.028684848
NHTBH38_7,-1,MN_57_h_lower_BH76,-1,MN_20_ch3f_BH76,1,MN_53_hfch3ts_BH76,0.048413648
NHTBH38_8,-1,MN_55_hf_lower_BH76,-1,MN_22_ch3_lower_BH76,1,MN_53_hfch3ts_BH76,0.090867223
NHTBH38_9,-1,MN_57_h_lower_BH76,-1,MN_34_f2_BH76,1,MN_52_hf2ts_BH76,0.003617478
PA8_1,-1,12_NH4+_PA8,1,11_NH3_PA8,0.337684
PA8_2,-1,08_H3O+_PA8,1,05_H2O_PA8,0.273781
PA8_3,-1,02_C2H3+_PA8,1,01_C2H2_PA8,0.249558
PA8_4,-1,16_SiH5+_PA8,1,15_SiH4_PA8,0.249399
PA8_5,-1,14_PH4+_PA8,1,13_PH3_PA8,0.307724
PA8_6,-1,09_H3S+_PA8,1,06_H2S_PA8,0.276809
PA8_7,-1,04_H2Cl+_PA8,1,10_HCl_PA8,0.218483
PA8_8,-1,07_H3+_PA8,1,03_H2_PA8,0.168762
S6x6_01,1,04_water_peptide_090-S6x6,-1,04_water_peptide_A-S6x6,-1,04_water_peptide_B-S6x6,-0.012477908683381434
S6x6_02,1,04_water_peptide_095-S6x6,-1,04_water_peptide_A-S6x6,-1,04_water_peptide_B-S6x6,-0.012844437290939254
S6x6_03,1,04_water_peptide_100-S6x6,-1,04_water_peptide_A-S6x6,-1,04_water_peptide_B-S6x6,-0.012876309343770369
S6x6_04,1,04_water_peptide_105-S6x6,-1,04_water_peptide_A-S6x6,-1,04_water_peptide_B-S6x6,-0.01249384470979699
S6x6_05,1,04_water_peptide_110-S6x6,-1,04_water_peptide_A-S6x6,-1,04_water_peptide_B-S6x6,-0.01188827570600581
S6x6_06,1,04_water_peptide_125-S6x6,-1,04_water_peptide_A-S6x6,-1,04_water_peptide_B-S6x6,-0.009545679822918875
S6x6_07,1,17_Uracil_Uracil_BP_090-S6x6,-1,17_Uracil_Uracil_BP_A-S6x6,-1,17_Uracil_Uracil_BP_B-S6x6,-0.025019561472425095
S6x6_08,1,17_Uracil_Uracil_BP_095-S6x6,-1,17_Uracil_Uracil_BP_A-S6x6,-1,17_Uracil_Uracil_BP_B-S6x6,-0.02693188464229198
S6x6_09,1,17_Uracil_Uracil_BP_100-S6x6,-1,17_Uracil_Uracil_BP_A-S6x6,-1,17_Uracil_Uracil_BP_B-S6x6,-0.02737809338192759
S6x6_10,1,17_Uracil_Uracil_BP_105-S6x6,-1,17_Uracil_Uracil_BP_A-S6x6,-1,17_Uracil_Uracil_BP_B-S6x6,-0.026868140536629753
S6x6_11,1,17_Uracil_Uracil_BP_110-S6x6,-1,17_Uracil_Uracil_BP_A-S6x6,-1,17_Uracil_Uracil_BP_B-S6x6,-0.025768554713956296
S6x6_12,1,17_Uracil_Uracil_BP_125-S6x6,-1,17_Uracil_Uracil_BP_A-S6x6,-1,17_Uracil_Uracil_BP_B-S6x6,-0.020955874736457963
S6x6_13,1,20_AcOH_AcOH_090-S6x6,-1,20_AcOH_AcOH_A-S6x6,-1,20_AcOH_AcOH_B-S6x6,-0.027808366095147637
S6x6_14,1,20_AcOH_AcOH_095-S6x6,-1,20_AcOH_AcOH_A-S6x6,-1,20_AcOH_AcOH_B-S6x6,-0.029943793634832325
S6x6_15,1,20_AcOH_AcOH_100-S6x6,-1,20_AcOH_AcOH_A-S6x6,-1,20_AcOH_AcOH_B-S6x6,-0.03042187442729905
S6x6_16,1,20_AcOH_AcOH_105-S6x6,-1,20_AcOH_AcOH_A-S6x6,-1,20_AcOH_AcOH_B-S6x6,-0.029832241449923424
S6x6_17,1,20_AcOH_AcOH_110-S6x6,-1,20_AcOH_AcOH_A-S6x6,-1,20_AcOH_AcOH_B-S6x6,-0.028589231389509952
S6x6_18,1,20_AcOH_AcOH_125-S6x6,-1,20_AcOH_AcOH_A-S6x6,-1,20_AcOH_AcOH_B-S6x6,-0.023202854461051556
S6x6_19,1,28_Benzene_Uracil_pi-pi_090-S6x6,-1,28_Benzene_Uracil_pi-pi_A-S6x6,-1,28_Benzene_Uracil_pi-pi_B-S6x6,-0.005625417324691757
S6x6_20,1,28_Benzene_Uracil_pi-pi_095-S6x6,-1,28_Benzene_Uracil_pi-pi_A-S6x6,-1,28_Benzene_Uracil_pi-pi_B-S6x6,-0.008318605788920954
S6x6_21,1,28_Benzene_Uracil_pi-pi_100-S6x6,-1,28_Benzene_Uracil_pi-pi_A-S6x6,-1,28_Benzene_Uracil_pi-pi_B-S6x6,-0.009099471083283267
S6x6_22,1,28_Benzene_Uracil_pi-pi_105-S6x6,-1,28_Benzene_Uracil_pi-pi_A-S6x6,-1,28_Benzene_Uracil_pi-pi_B-S6x6,-0.008844494660634349
S6x6_23,1,28_Benzene_Uracil_pi-pi_110-S6x6,-1,28_Benzene_Uracil_pi-pi_A-S6x6,-1,28_Benzene_Uracil_pi-pi_B-S6x6,-0.008095501419103153
S6x6_24,1,28_Benzene_Uracil_pi-pi_125-S6x6,-1,28_Benzene_Uracil_pi-pi_A-S6x6,-1,28_Benzene_Uracil_pi-pi_B-S6x6,-0.0052429526907183804
S6x6_25,1,29_Pyridine_Uracil_pi-pi_090-S6x6,-1,29_Pyridine_Uracil_pi-pi_A-S6x6,-1,29_Pyridine_Uracil_pi-pi_B-S6x6,-0.005960073879418463
S6x6_26,1,29_Pyridine_Uracil_pi-pi_095-S6x6,-1,29_Pyridine_Uracil_pi-pi_A-S6x6,-1,29_Pyridine_Uracil_pi-pi_B-S6x6,-0.009832528298398906
S6x6_27,1,29_Pyridine_Uracil_pi-pi_100-S6x6,-1,29_Pyridine_Uracil_pi-pi_A-S6x6,-1,29_Pyridine_Uracil_pi-pi_B-S6x6,-0.010852433988994579
S6x6_28,1,29_Pyridine_Uracil_pi-pi_105-S6x6,-1,29_Pyridine_Uracil_pi-pi_A-S6x6,-1,29_Pyridine_Uracil_pi-pi_B-S6x6,-0.010485905381436761
S6x6_29,1,29_Pyridine_Uracil_pi-pi_110-S6x6,-1,29_Pyridine_Uracil_pi-pi_A-S6x6,-1,29_Pyridine_Uracil_pi-pi_B-S6x6,-0.009513807770087758
S6x6_30,1,29_Pyridine_Uracil_pi-pi_125-S6x6,-1,29_Pyridine_Uracil_pi-pi_A-S6x6,-1,29_Pyridine_Uracil_pi-pi_B-S6x6,-0.006167242222820709
S6x6_31,1,47_Benzene_Benzene_TS_090-S6x6,-1,47_Benzene_Benzene_A-S6x6,-1,47_Benzene_Benzene_B-S6x6,-0.002613508332151411
S6x6_32,1,47_Benzene_Benzene_TS_095-S6x6,-1,47_Benzene_Benzene_A-S6x6,-1,47_Benzene_Benzene_B-S6x6,-0.004111494815213806
S6x6_33,1,47_Benzene_Benzene_TS_100-S6x6,-1,47_Benzene_Benzene_A-S6x6,-1,47_Benzene_Benzene_B-S6x6,-0.00457363958126497
S6x6_34,1,47_Benzene_Benzene_TS_105-S6x6,-1,47_Benzene_Benzene_A-S6x6,-1,47_Benzene_Benzene_B-S6x6,-0.004493959449187183
S6x6_35,1,47_Benzene_Benzene_TS_110-S6x6,-1,47_Benzene_Benzene_A-S6x6,-1,47_Benzene_Benzene_B-S6x6,-0.0041433668680449206
S6x6_36,1,47_Benzene_Benzene_TS_125-S6x6,-1,47_Benzene_Benzene_A-S6x6,-1,47_Benzene_Benzene_B-S6x6,-0.0028206766755536575
SMAE3_01,-1,SMAE3_H2SO4,2,SMAE3_H,4,SMAE3_O,1,SMAE3_S,0.959635639
SMAE3_02,-1,SMAE3_SO3,3,SMAE3_O,1,SMAE3_S,0.548565837
SMAE3_03,-1,SMAE_H2S2,2,SMAE3_S,2,SMAE3_H,0.383707644
SR-MGM-BE9_1,-1,02_AlCl3_SR-MGM-BE9,1,01_Al_SR-MGM-BE9,3,04_Cl_SR-MGM-BE9,0.4938729
SR-MGM-BE9_2,-1,03_AlF3_SR-MGM-BE9,1,01_Al_SR-MGM-BE9,3,05_F_SR-MGM-BE9,0.684611
SR-MGM-BE9_3,-1,07_KOH_SR-MGM-BE9,1,06_K_SR-MGM-BE9,1,12_OH_SR-MGM-BE9,0.135456
SR-MGM-BE9_4,-1,11_Nao_SR-MGM-BE9,1,10_Na_SR-MGM-BE9,1,19_o_SR-MGM-BE9,0.103951
SR-MGM-BE9_5,-1,18_lio_SR-MGM-BE9,1,08_Li_SR-MGM-BE9,1,19_o_SR-MGM-BE9,0.131536
SR-MGM-BE9_6,-1,09_LiCl_SR-MGM-BE9,1,08_Li_SR-MGM-BE9,1,04_Cl_SR-MGM-BE9,0.1815112
SR-MGM-BE9_7,-1,17_alcl_SR-MGM-BE9,1,01_Al_SR-MGM-BE9,1,04_Cl_SR-MGM-BE9,0.1937181
SR-MGM-BE9_8,-1,16_ZnSe_SR-MGM-BE9,1,14_Zn_SR-MGM-BE9,1,13_Se_SR-MGM-BE9,0.0401587
SR-MGM-BE9_9,-1,15_ZnCl_SR-MGM-BE9,1,14_Zn_SR-MGM-BE9,1,04_Cl_SR-MGM-BE9,0.0852258
SR-MGN-BE107_1,-1,045_CH3CO_SR-MGN-BE107,2,160_C_SR-MGN-BE107,1,180_O_SR-MGN-BE107,3,110_H_SR-MGN-BE107,0.9268074
SR-MGN-BE107_10,-1,039_CH2_3B1_SR-MGN-BE107,1,160_C_SR-MGN-BE107,2,110_H_SR-MGN-BE107,0.3038363
SR-MGN-BE107_100,-1,018_C4H10_isobutane_SR-MGN-BE107,4,160_C_SR-MGN-BE107,10,110_H_SR-MGN-BE107,2.076528
SR-MGN-BE107_101,-1,017_C4H10_antiperiplanarbutane_SR-MGN-BE107,4,160_C_SR-MGN-BE107,10,110_H_SR-MGN-BE107,2.073787
SR-MGN-BE107_102,-1,026_C4H8_cyclobutane_SR-MGN-BE107,4,160_C_SR-MGN-BE107,8,110_H_SR-MGN-BE107,1.8310654
SR-MGN-BE107_103,-1,027_C4H8_isobutene_SR-MGN-BE107,4,160_C_SR-MGN-BE107,8,110_H_SR-MGN-BE107,1.846364
SR-MGN-BE107_104,-1,029_C5H8_spiropentane_SR-MGN-BE107,5,160_C_SR-MGN-BE107,8,110_H_SR-MGN-BE107,2.046632
SR-MGN-BE107_105,-1,030_C6H6_SR-MGN-BE107,6,160_C_SR-MGN-BE107,6,110_H_SR-MGN-BE107,2.1793472
SR-MGN-BE107_106,-1,055_CH3_2_CH_SR-MGN-BE107,3,160_C_SR-MGN-BE107,7,110_H_SR-MGN-BE107,1.4354376
SR-MGN-BE107_107,-1,069_H2CCO_SR-MGN-BE107,2,160_C_SR-MGN-BE107,1,180_O_SR-MGN-BE107,2,110_H_SR-MGN-BE107,0.8483066
SR-MGN-BE107_11,-1,038_CH2_1A1_SR-MGN-BE107,1,160_C_SR-MGN-BE107,2,110_H_SR-MGN-BE107,0.2890317
SR-MGN-BE107_12,-1,060_CH_2pi_SR-MGN-BE107,1,160_C_SR-MGN-BE107,1,110_H_SR-MGN-BE107,0.1341495
SR-MGN-BE107_13,-1,086_OH_SR-MGN-BE107,1,110_H_SR-MGN-BE107,1,180_O_SR-MGN-BE107,0.1708183
SR-MGN-BE107_14,-1,037_CH2OH_SR-MGN-BE107,1,160_C_SR-MGN-BE107,1,180_O_SR-MGN-BE107,3,110_H_SR-MGN-BE107,0.6529946
SR-MGN-BE107_15,-1,071_H2O_SR-MGN-BE107,2,110_H_SR-MGN-BE107,1,180_O_SR-MGN-BE107,0.370911
SR-MGN-BE107_16,-1,051_CH3OCH3_SR-MGN-BE107,2,160_C_SR-MGN-BE107,1,180_O_SR-MGN-BE107,6,110_H_SR-MGN-BE107,1.2717746
SR-MGN-BE107_17,-1,016_C3H8_SR-MGN-BE107,3,160_C_SR-MGN-BE107,8,110_H_SR-MGN-BE107,1.6045507
SR-MGN-BE107_18,-1,054_CH3_2App2_SR-MGN-BE107,1,160_C_SR-MGN-BE107,3,110_H_SR-MGN-BE107,0.490495
SR-MGN-BE107_19,-1,010_C2H6_SR-MGN-BE107,2,054_CH3_2App2_SR-MGN-BE107,0.1430896
SR-MGN-BE107_2,-1,046_CH3COCH3_SR-MGN-BE107,3,160_C_SR-MGN-BE107,1,180_O_SR-MGN-BE107,6,110_H_SR-MGN-BE107,1.5584796
SR-MGN-BE107_20,-1,102_iPr-CH3_SR-MGN-BE107,1,016_C3H8_SR-MGN-BE107,1,038_CH2_1A1_SR-MGN-BE107,0.1513923
SR-MGN-BE107_21,-1,011_C2H6O_SR-MGN-BE107,1,054_CH3_2App2_SR-MGN-BE107,1,037_CH2OH_SR-MGN-BE107,0.155201
SR-MGN-BE107_22,-1,103_iPr-OCH3_SR-MGN-BE107,1,056_CH3_3_C_SR-MGN-BE107,1,086_OH_SR-MGN-BE107,0.1458306
SR-MGN-BE107_23,-1,065_Et-H_SR-MGN-BE107,1,036_CH2CH2_SR-MGN-BE107,2,110_H_SR-MGN-BE107,0.1735752
SR-MGN-BE107_24,-1,064_Et-CH3_SR-MGN-BE107,1,007_C2H5_SR-MGN-BE107,1,054_CH3_2App2_SR-MGN-BE107,0.1528106
SR-MGN-BE107_25,-1,066_Et-OCH3_SR-MGN-BE107,1,051_CH3OCH3_SR-MGN-BE107,1,038_CH2_1A1_SR-MGN-BE107,0.1518066
SR-MGN-BE107_26,-1,067_Et-OH_SR-MGN-BE107,1,041_CH3CH3_SR-MGN-BE107,1,180_O_SR-MGN-BE107,0.1598224
SR-MGN-BE107_27,-1,105_tBu-H_SR-MGN-BE107,2,054_CH3_2App2_SR-MGN-BE107,1,036_CH2CH2_SR-MGN-BE107,0.1655116
SR-MGN-BE107_28,-1,104_tBu-CH3_SR-MGN-BE107,1,042_CH3CHCH2_SR-MGN-BE107,2,054_CH3_2App2_SR-MGN-BE107,0.1492728
SR-MGN-BE107_29,-1,106_tBu-OCH3_SR-MGN-BE107,1,045_CH3CO_SR-MGN-BE107,3,054_CH3_2App2_SR-MGN-BE107,0.1422609
SR-MGN-BE107_3,-1,035_CH2CH_SR-MGN-BE107,2,160_C_SR-MGN-BE107,3,110_H_SR-MGN-BE107,0.7106034
SR-MGN-BE107_30,-1,107_tBu-OH_SR-MGN-BE107,1,056_CH3_3_C_SR-MGN-BE107,1,086_OH_SR-MGN-BE107,0.1832962
SR-MGN-BE107_31,-1,082_NH_SR-MGN-BE107,1,170_N_SR-MGN-BE107,1,110_H_SR-MGN-BE107,0.1324284
SR-MGN-BE107_32,-1,083_NH2_SR-MGN-BE107,1,170_N_SR-MGN-BE107,2,110_H_SR-MGN-BE107,0.2909759
SR-MGN-BE107_33,-1,085_NH3_SR-MGN-BE107,1,170_N_SR-MGN-BE107,3,110_H_SR-MGN-BE107,0.4749255
SR-MGN-BE107_34,-1,079_HF_SR-MGN-BE107,1,190_F_SR-MGN-BE107,1,110_H_SR-MGN-BE107,0.2250964
SR-MGN-BE107_35,-1,098_SiH2_1A1_SR-MGN-BE107,1,240_Si_SR-MGN-BE107,2,110_H_SR-MGN-BE107,0.2418929
SR-MGN-BE107_36,-1,099_SiH2_3B1_SR-MGN-BE107,1,240_Si_SR-MGN-BE107,2,110_H_SR-MGN-BE107,0.2088416
SR-MGN-BE107_37,-1,100_SiH3_SR-MGN-BE107,1,240_Si_SR-MGN-BE107,3,110_H_SR-MGN-BE107,0.3626721
SR-MGN-BE107_38,-1,101_SiH4_SR-MGN-BE107,1,240_Si_SR-MGN-BE107,4,110_H_SR-MGN-BE107,0.5171559
SR-MGN-BE107_39,-1,089_PH2_SR-MGN-BE107,1,250_P_SR-MGN-BE107,2,110_H_SR-MGN-BE107,0.2441399
SR-MGN-BE107_4,-1,057_CH4_SR-MGN-BE107,1,160_C_SR-MGN-BE107,4,110_H_SR-MGN-BE107,0.6698549
SR-MGN-BE107_40,-1,090_PH3_SR-MGN-BE107,1,250_P_SR-MGN-BE107,3,110_H_SR-MGN-BE107,0.3860821
SR-MGN-BE107_41,-1,072_H2S_SR-MGN-BE107,1,260_S_SR-MGN-BE107,2,110_H_SR-MGN-BE107,0.292187
SR-MGN-BE107_42,-1,078_HCl_SR-MGN-BE107,1,270_Cl_SR-MGN-BE107,1,110_H_SR-MGN-BE107,0.1699737
SR-MGN-BE107_43,-1,005_C2H2_SR-MGN-BE107,2,160_C_SR-MGN-BE107,2,110_H_SR-MGN-BE107,0.6459668
SR-MGN-BE107_44,-1,073_HCN_SR-MGN-BE107,1,160_C_SR-MGN-BE107,1,170_N_SR-MGN-BE107,1,110_H_SR-MGN-BE107,0.4993395
SR-MGN-BE107_45,-1,074_HCO_SR-MGN-BE107,1,160_C_SR-MGN-BE107,1,180_O_SR-MGN-BE107,1,110_H_SR-MGN-BE107,0.4447904
SR-MGN-BE107_46,-1,070_H2CO_SR-MGN-BE107,1,160_C_SR-MGN-BE107,2,110_H_SR-MGN-BE107,1,180_O_SR-MGN-BE107,0.5965651
SR-MGN-BE107_47,-1,052_CH3OH_SR-MGN-BE107,1,160_C_SR-MGN-BE107,1,180_O_SR-MGN-BE107,4,110_H_SR-MGN-BE107,0.8178687
SR-MGN-BE107_48,-1,084_NH2NH2_SR-MGN-BE107,2,170_N_SR-MGN-BE107,4,110_H_SR-MGN-BE107,0.6989541
SR-MGN-BE107_49,-1,081_HOOH_SR-MGN-BE107,2,110_H_SR-MGN-BE107,2,180_O_SR-MGN-BE107,0.4279939
SR-MGN-BE107_5,-1,042_CH3CHCH2_SR-MGN-BE107,3,160_C_SR-MGN-BE107,6,110_H_SR-MGN-BE107,1.3714704
SR-MGN-BE107_50,-1,094_Si2_SR-MGN-BE107,2,240_Si_SR-MGN-BE107,0.1206676
SR-MGN-BE107_51,-1,087_P2_SR-MGN-BE107,2,250_P_SR-MGN-BE107,0.1873917
SR-MGN-BE107_52,-1,091_S2_SR-MGN-BE107,2,260_S_SR-MGN-BE107,0.1643482
SR-MGN-BE107_53,-1,061_Cl2_SR-MGN-BE107,2,270_Cl_SR-MGN-BE107,0.0925405
SR-MGN-BE107_54,-1,092_SC_SR-MGN-BE107,1,160_C_SR-MGN-BE107,1,260_S_SR-MGN-BE107,0.2726813
SR-MGN-BE107_55,-1,062_ClF_SR-MGN-BE107,1,270_Cl_SR-MGN-BE107,1,190_F_SR-MGN-BE107,0.0981181
SR-MGN-BE107_56,-1,095_Si2H6_SR-MGN-BE107,2,240_Si_SR-MGN-BE107,6,110_H_SR-MGN-BE107,0.8526252
SR-MGN-BE107_57,-1,048_CH3Cl_SR-MGN-BE107,1,160_C_SR-MGN-BE107,1,270_Cl_SR-MGN-BE107,3,110_H_SR-MGN-BE107,0.6302858
SR-MGN-BE107_58,-1,053_CH3SH_SR-MGN-BE107,1,160_C_SR-MGN-BE107,1,260_S_SR-MGN-BE107,4,110_H_SR-MGN-BE107,0.7551127
SR-MGN-BE107_59,-1,080_HOCl_SR-MGN-BE107,1,180_O_SR-MGN-BE107,1,270_Cl_SR-MGN-BE107,1,110_H_SR-MGN-BE107,0.2632153
SR-MGN-BE107_6,-1,041_CH3CH3_SR-MGN-BE107,2,160_C_SR-MGN-BE107,6,110_H_SR-MGN-BE107,1.13592
SR-MGN-BE107_60,-1,001_BCl3_SR-MGN-BE107,1,150_B_SR-MGN-BE107,3,270_Cl_SR-MGN-BE107,0.5145743
SR-MGN-BE107_61,-1,002_BF3_SR-MGN-BE107,1,150_B_SR-MGN-BE107,3,190_F_SR-MGN-BE107,0.7486586
SR-MGN-BE107_62,-1,003_C2Cl4_SR-MGN-BE107,2,160_C_SR-MGN-BE107,4,270_Cl_SR-MGN-BE107,0.743065
SR-MGN-BE107_63,-1,004_C2F4_SR-MGN-BE107,2,160_C_SR-MGN-BE107,4,190_F_SR-MGN-BE107,0.9392057
SR-MGN-BE107_64,-1,012_C3H4_SR-MGN-BE107,3,160_C_SR-MGN-BE107,4,110_H_SR-MGN-BE107,1.1231552
SR-MGN-BE107_65,-1,019_C4H4O_SR-MGN-BE107,4,160_C_SR-MGN-BE107,1,180_O_SR-MGN-BE107,4,110_H_SR-MGN-BE107,1.5836267
SR-MGN-BE107_66,-1,020_C4H4S_SR-MGN-BE107,4,160_C_SR-MGN-BE107,1,260_S_SR-MGN-BE107,4,110_H_SR-MGN-BE107,1.5342091
SR-MGN-BE107_67,-1,021_C4H5N_SR-MGN-BE107,4,160_C_SR-MGN-BE107,1,170_N_SR-MGN-BE107,5,110_H_SR-MGN-BE107,1.7076568
SR-MGN-BE107_68,-1,025_C4H6_trans-1_3-butadiene_SR-MGN-BE107,4,160_C_SR-MGN-BE107,6,110_H_SR-MGN-BE107,1.6133155
SR-MGN-BE107_69,-1,022_C4H6_2-butyne_SR-MGN-BE107,4,160_C_SR-MGN-BE107,6,110_H_SR-MGN-BE107,1.6001842
SR-MGN-BE107_7,-1,007_C2H5_SR-MGN-BE107,2,160_C_SR-MGN-BE107,5,110_H_SR-MGN-BE107,0.9621376
SR-MGN-BE107_70,-1,028_C5H5N_SR-MGN-BE107,5,160_C_SR-MGN-BE107,1,170_N_SR-MGN-BE107,5,110_H_SR-MGN-BE107,1.9723861
SR-MGN-BE107_71,-1,031_CCH_SR-MGN-BE107,2,160_C_SR-MGN-BE107,1,110_H_SR-MGN-BE107,0.4225119
SR-MGN-BE107_72,-1,032_CCl4_SR-MGN-BE107,1,160_C_SR-MGN-BE107,4,270_Cl_SR-MGN-BE107,0.4983833
SR-MGN-BE107_73,-1,033_CF3CN_SR-MGN-BE107,2,160_C_SR-MGN-BE107,3,190_F_SR-MGN-BE107,1,170_N_SR-MGN-BE107,1.0196667
SR-MGN-BE107_74,-1,034_CF4_SR-MGN-BE107,1,160_C_SR-MGN-BE107,4,190_F_SR-MGN-BE107,0.7590648
SR-MGN-BE107_75,-1,044_CH3CN_SR-MGN-BE107,2,160_C_SR-MGN-BE107,1,170_N_SR-MGN-BE107,3,110_H_SR-MGN-BE107,0.9814043
SR-MGN-BE107_76,-1,049_CH3NH2_SR-MGN-BE107,1,160_C_SR-MGN-BE107,1,170_N_SR-MGN-BE107,5,110_H_SR-MGN-BE107,0.9278273
SR-MGN-BE107_77,-1,050_CH3NO2_SR-MGN-BE107,1,160_C_SR-MGN-BE107,1,170_N_SR-MGN-BE107,2,180_O_SR-MGN-BE107,3,110_H_SR-MGN-BE107,0.9581855
SR-MGN-BE107_78,-1,058_CHCl3_SR-MGN-BE107,1,160_C_SR-MGN-BE107,3,270_Cl_SR-MGN-BE107,1,110_H_SR-MGN-BE107,0.5468926
SR-MGN-BE107_79,-1,059_CHF3_SR-MGN-BE107,1,160_C_SR-MGN-BE107,3,190_F_SR-MGN-BE107,1,110_H_SR-MGN-BE107,0.7290732
SR-MGN-BE107_8,-1,036_CH2CH2_SR-MGN-BE107,2,160_C_SR-MGN-BE107,4,110_H_SR-MGN-BE107,0.898011
SR-MGN-BE107_80,-1,063_ClF3_SR-MGN-BE107,1,270_Cl_SR-MGN-BE107,3,190_F_SR-MGN-BE107,0.1997262
SR-MGN-BE107_81,-1,068_H2_SR-MGN-BE107,2,110_H_SR-MGN-BE107,0.1744836
SR-MGN-BE107_82,-1,076_HCOOCH3_SR-MGN-BE107,2,160_C_SR-MGN-BE107,2,180_O_SR-MGN-BE107,4,110_H_SR-MGN-BE107,1.2513924
SR-MGN-BE107_83,-1,077_HCOOH_SR-MGN-BE107,1,160_C_SR-MGN-BE107,2,180_O_SR-MGN-BE107,2,110_H_SR-MGN-BE107,0.7983631
SR-MGN-BE107_84,-1,088_PF3_SR-MGN-BE107,1,250_P_SR-MGN-BE107,3,190_F_SR-MGN-BE107,0.5798642
SR-MGN-BE107_85,-1,093_SH_SR-MGN-BE107,1,260_S_SR-MGN-BE107,1,110_H_SR-MGN-BE107,0.1386116
SR-MGN-BE107_86,-1,096_SiCl4_SR-MGN-BE107,1,240_Si_SR-MGN-BE107,4,270_Cl_SR-MGN-BE107,0.6134414
SR-MGN-BE107_87,-1,097_SiF4_SR-MGN-BE107,1,240_Si_SR-MGN-BE107,4,190_F_SR-MGN-BE107,0.9152857
SR-MGN-BE107_88,-1,023_C4H6_bicyclobutane_SR-MGN-BE107,4,160_C_SR-MGN-BE107,6,110_H_SR-MGN-BE107,1.5732045
SR-MGN-BE107_89,-1,024_C4H6_cyclobutene_SR-MGN-BE107,4,160_C_SR-MGN-BE107,6,110_H_SR-MGN-BE107,1.5961683
SR-MGN-BE107_9,-1,056_CH3_3_C_SR-MGN-BE107,4,160_C_SR-MGN-BE107,9,110_H_SR-MGN-BE107,1.9112714
SR-MGN-BE107_90,-1,075_HCOCOH_SR-MGN-BE107,2,160_C_SR-MGN-BE107,2,180_O_SR-MGN-BE107,2,110_H_SR-MGN-BE107,1.0093082
SR-MGN-BE107_91,-1,043_CH3CHO_SR-MGN-BE107,2,160_C_SR-MGN-BE107,1,180_O_SR-MGN-BE107,4,110_H_SR-MGN-BE107,1.0789168
SR-MGN-BE107_92,-1,006_C2H4O_SR-MGN-BE107,2,160_C_SR-MGN-BE107,1,180_O_SR-MGN-BE107,4,110_H_SR-MGN-BE107,1.0369572
SR-MGN-BE107_93,-1,008_C2H5O_SR-MGN-BE107,2,160_C_SR-MGN-BE107,1,180_O_SR-MGN-BE107,5,110_H_SR-MGN-BE107,1.1133545
SR-MGN-BE107_94,-1,040_CH3CH2OH_SR-MGN-BE107,2,160_C_SR-MGN-BE107,1,180_O_SR-MGN-BE107,6,110_H_SR-MGN-BE107,1.2913918
SR-MGN-BE107_95,-1,013_C3H4_allene_SR-MGN-BE107,3,160_C_SR-MGN-BE107,4,110_H_SR-MGN-BE107,1.1206214
SR-MGN-BE107_96,-1,014_C3H4_cyclopropene_SR-MGN-BE107,3,160_C_SR-MGN-BE107,4,110_H_SR-MGN-BE107,1.0880163
SR-MGN-BE107_97,-1,047_CH3COOH_SR-MGN-BE107,2,160_C_SR-MGN-BE107,2,180_O_SR-MGN-BE107,4,110_H_SR-MGN-BE107,1.2797267
SR-MGN-BE107_98,-1,015_C3H6_cyclopropane_SR-MGN-BE107,3,160_C_SR-MGN-BE107,6,110_H_SR-MGN-BE107,1.3599964
SR-MGN-BE107_99,-1,009_C2H5OCH3_SR-MGN-BE107,3,160_C_SR-MGN-BE107,1,180_O_SR-MGN-BE107,8,110_H_SR-MGN-BE107,1.7451861
SR-TM-BE17_1,-1,14_CrCl2_SR-TM-BE17,1,15_Cr_mrbe5_SR-TM-BE17,2,08_Cl_SR-TM-BE17,0.2886491
SR-TM-BE17_10,-1,19_CuAg_SR-TM-BE17,1,17_Cu_SR-TM-BE17,1,01_Ag_SR-TM-BE17,0.0648596
SR-TM-BE17_11,-1,20_CuH2O+_SR-TM-BE17,1,16_Cu+_SR-TM-BE17,1,27_H2O_SR-TM-BE17,0.0618317
SR-TM-BE17_12,-1,24_FeH_SR-TM-BE17,1,25_Fe_def2_SR-TM-BE17,1,26_H_SR-TM-BE17,0.0588039
SR-TM-BE17_13,-1,34_VCO+_SR-TM-BE17,1,33_V+_SR-TM-BE17,1,07_CO_SR-TM-BE17,0.0449395
SR-TM-BE17_14,-1,36_Zr2_SR-TM-BE17,2,35_Zr_SR-TM-BE17,0.112827
SR-TM-BE17_15,-1,31_Pd_PH3_2-C6H8_SR-TM-BE17,1,32_Pd_PH3_2_SR-TM-BE17,2,05_C6H8_SR-TM-BE17,0.0258163
SR-TM-BE17_16,-1,30_Pd_PH3_2-C10H12_b_SR-TM-BE17,1,32_Pd_PH3_2_SR-TM-BE17,2,04_C10H12_SR-TM-BE17,0.0275693
SR-TM-BE17_17,-1,22_FeCl_SR-TM-BE17,1,25_Fe_def2_SR-TM-BE17,1,08_Cl_SR-TM-BE17,0.1250977
SR-TM-BE17_2,-1,29_MnF2_SR-TM-BE17,1,28_Mn_SR-TM-BE17,2,21_F_SR-TM-BE17,0.37013
SR-TM-BE17_3,-1,23_FeCl2_SR-TM-BE17,1,25_Fe_def2_SR-TM-BE17,2,08_Cl_SR-TM-BE17,0.3032465
SR-TM-BE17_4,-1,09_CoCl2_SR-TM-BE17,1,11_Co_atm_SR-TM-BE17,2,08_Cl_SR-TM-BE17,0.2914698
SR-TM-BE17_5,-1,02_Ag2_SR-TM-BE17,2,01_Ag_SR-TM-BE17,0.0610349
SR-TM-BE17_6,-1,03_AgH_SR-TM-BE17,1,01_Ag_SR-TM-BE17,1,26_H_SR-TM-BE17,0.0860545
SR-TM-BE17_7,-1,10_CoH_SR-TM-BE17,1,11_Co_atm_SR-TM-BE17,1,26_H_SR-TM-BE17,0.0725088
SR-TM-BE17_8,-1,13_CrCH3+_SR-TM-BE17,1,12_Cr+_SR-TM-BE17,1,06_CH3_SR-TM-BE17,0.0458957
SR-TM-BE17_9,-1,18_Cu2_SR-TM-BE17,2,17_Cu_SR-TM-BE17,0.075218
pEE5_1,-1,08_F_gs_pEE5,1,07_F_es_pEE5,0.46673
pEE5_2,-1,04_Ar_gs_pEE5,1,03_Ar_es_pEE5,0.42728
pEE5_3,-1,06_C+_gs_pEE5,1,05_C+_es_pEE5,0.19589
pEE5_4,-1,02_Al_gs_pEE5,1,01_Al_es_pEE5,0.13224
pEE5_5,-1,10_Si+_gs_pEE5,1,09_Si+_es_pEE5,0.20079
pTC13_1,-1,21_pie1_pTC13,1,22_pie2_pTC13,-0.0022
pTC13_10,-1,16_SB-4H_pTC13,1,15_SB-4_pTC13,0.3604
pTC13_11,-1,18_SB-6H_pTC13,1,17_SB-6_pTC13,0.372
pTC13_12,-1,20_SB-8H_pTC13,1,19_SB-8_pTC13,0.3795
pTC13_13,-1,12_SB-10H_pTC13,1,11_SB-10_pTC13,0.384
pTC13_2,-1,23_pie3_pTC13,1,24_pie4_pTC13,-0.014
pTC13_3,-1,25_pie5_pTC13,1,26_pie6_pTC13,-0.0228
pTC13_4,-1,04_P-2H_pTC13,1,03_P-2_pTC13,0.2674
pTC13_5,-1,06_P-4H_pTC13,1,05_P-4_pTC13,0.3083
pTC13_6,-1,08_P-6H_pTC13,1,07_P-6_pTC13,0.3341
pTC13_7,-1,10_P-8H_pTC13,1,09_P-8_pTC13,0.3501
pTC13_8,-1,02_P-10H_pTC13,1,01_P-10_pTC13,0.3601
pTC13_9,-1,14_SB-2H_pTC13,1,13_SB-2_pTC13,0.3418
