2pIsoE4_1,-1,00_C1_2pIsoE4,1,01_C2_2pIsoE4,15.8989656888
2pIsoE4_2,-1,02_F1_2pIsoE4,1,03_F2_2pIsoE4,112.5493231644
2pIsoE4_3,-1,04_N1_2pIsoE4,1,05_N2_2pIsoE4,238.9061403108
2pIsoE4_4,-1,06_O1_2pIsoE4,1,07_O2_2pIsoE4,41.4214317468
3dAEE8_1,-1,11_Sc_gs_3dAEE8,1,10_Sc_es_3dAEE8,137.7073701
3dAEE8_2,-1,07_Mn+_gs_3dAEE8,1,06_Mn+_es_3dAEE8,113.2902387
3dAEE8_3,-1,05_Fe_gs_3dAEE8,1,04_Fe_es_3dAEE8,143.58848562
3dAEE8_4,-1,09_Ni+_gs_3dAEE8,1,08_Ni+_es_3dAEE8,104.67860526000001
3dAEE8_5,-1,15_Zn_gs_3dAEE8,1,14_Zn_es_3dAEE8,391.12043706
3dAEE8_6,-1,01_Ca+_gs_3dAEE8,1,00_Ca+_es_3dAEE8,163.5942552804
3dAEE8_7,-1,12_V_es_3dAEE8,1,13_V_gs_3dAEE8,23.4304692516
3dAEE8_8,-1,03_Fe2_gs_3dAEE8,1,02_Fe2_es_3dAEE8,51.1284229524
4dAEE5_1,-1,01_Mo+_gs_4dAEE5,1,00_Mo+_es_4dAEE5,183.9161349
4dAEE5_2,-1,03_Pd_gs_4dAEE5,1,06_Ru+_es_4dAEE5,105.22995983999999
4dAEE5_3,-1,05_Rh+_gs_4dAEE5,1,04_Rh+_es_4dAEE5,77.89852566
4dAEE5_4,-1,07_Ru+_gs_4dAEE5,1,02_Pd_es_4dAEE5,91.89243
4dAEE5_5,-1,09_Y+_gs_4dAEE5,1,08_Y+_es_4dAEE5,14.25645414
4pIsoE4_1,-1,00_As1_4pIsoE4,1,01_As2_4pIsoE4,138.07178922239999
4pIsoE4_2,-1,02_Br1_4pIsoE4,1,03_Br2_4pIsoE4,-26.3589497208
4pIsoE4_3,-1,04_Ge1_4pIsoE4,1,05_Ge2_4pIsoE4,102.92634789479999
4pIsoE4_4,-1,06_Se1_4pIsoE4,1,07_Se2_4pIsoE4,87.0271196562
ABDE13_01,-1,CH3_ABDE13,-1,CH2CH_ABDE13,1,C3H6_ABDE13,448.5248587669659
ABDE13_02,-1,CH3_ABDE13,-1,HCOO_ABDE13,1,mf_ABDE13,405.8480531753329
ABDE13_03,-1,butane_ABDE13,1,R3_CH3CH2CH2_ABDE13,1,CH3_ABDE13,402.5008527367735
ABDE13_04,-1,butane_ABDE13,2,R4_CH3CH2_ABDE13,394.96965175001475
ABDE13_05,-1,hexene_ABDE13,1,CHCHCH2CH3_ABDE13,1,R4_CH3CH2_ABDE13,436.80965723200785
ABDE13_06,-1,hexene_ABDE13,1,CH2CHCHCH2CH3_ABDE13,1,CH3_ABDE13,335.55684396558456
ABDE13_07,-1,pentene_ABDE13,1,CH2CHCH2CH2_ABDE13,1,CH3_ABDE13,403.3376528464134
ABDE13_08,-1,pentene_ABDE13,1,CH2CHCH2_ABDE13,1,R4_CH3CH2_ABDE13,334.7200438559447
ABDE13_09,-1,pentene_ABDE13,1,CH2CH_ABDE13,1,R3_CH3CH2CH2_ABDE13,444.7592582735865
ABDE13_10,-1,mb_ABDE13,1,R5_CH3OCOCH2H2_ABDE13,1,CH3_ABDE13,407.52165339461266
ABDE13_11,-1,mb_ABDE13,1,R4_CH3CH2_ABDE13,1,R4_CH3OCOCH2_ABDE13,381.580849995777
ABDE13_12,-1,mb_ABDE13,1,CH3OCO_ABDE13,1,R3_CH3CH2CH2_ABDE13,412.9608541072718
ABDE13_13,-1,mb_ABDE13,1,R1_OCOCH2CH2CH3_ABDE13,1,CH3_ABDE13,393.29605153073504
AE17_01,1,AE17_H,-1312.749
AE17_02,1,AE17_He,-7623.71105256
AE17_03,1,AE17_Li,-19633.63157388
AE17_04,1,AE17_Be,-38509.124345280004
AE17_05,1,AE17_B,-64728.79139718
AE17_06,1,AE17_C,-99361.97181
AE17_07,1,AE17_N,-143323.8354216
AE17_08,1,AE17_O,-197089.0460154
AE17_09,1,AE17_F,-261851.1549822
AE17_10,1,AE17_Ne,-338525.41092480003
AE17_11,1,AE17_Na,-425999.12779080006
AE17_12,1,AE17_Mg,-525238.751394
AE17_13,1,AE17_Al,-636278.938308
AE17_14,1,AE17_Si,-759711.475782
AE17_15,1,AE17_P,-895974.821982
AE17_16,1,AE17_S,-1045237.00878
AE17_17,1,AE17_Cl,-1208117.6537040002
DC9-12_1,-1,09_hcn-bf3_DC9,1,10_hcn_DC9,1,00_bf3_DC9,23.848711082999998
DC9-12_2,-1,02_c6cl6_DC9,6,05_cl2_DC9,1,04_c6h6_DC9,-6,08_hcl_DC9,620.4870929376
DC9-12_3,-1,16_p4_DC9,4,15_p_DC9,1212.9412186296
DC9-12_4,-1,20_sf6_DC9,1,19_s_DC9,6,06_f_DC9,1997.85957561
DC9-12_5,-1,18_pf5_DC9,1,15_p_DC9,5,06_f_DC9,2327.9770917396
DC9-12_6,-1,17_p4o10_DC9,1,16_p4_DC9,5,13_o2_DC9,3011.2240888692
DC9-12_7,-1,03_c6f6_DC9,6,01_c_DC9,6,06_f_DC9,5807.8092528918
DC9-12_8,-1,22_tmos_DC9,1,21_si_DC9,4,01_c_DC9,4,12_o_DC9,12,07_h_DC9,8466.322627692001
DC9-12_9,-1,23_urotropin_DC9,6,01_c_DC9,4,11_n_DC9,12,07_h_DC9,9000.2008428048
EA13_1,1,C-EA13,-1,C--EA13,122.13097600978278
EA13_10,1,PH-EA13,-1,PH--EA13,97.06881270747743
EA13_11,1,PH2-EA13,-1,PH2--EA13,123.00961611249468
EA13_12,1,S2-EA13,-1,S2--EA13,161.0840211059466
EA13_13,1,Si-EA13,-1,Si--EA13,135.2687377193532
EA13_2,1,S-EA13,-1,S--EA13,200.4554662722749
EA13_3,1,SH-EA13,-1,SH--EA13,225.26658951147755
EA13_4,1,Cl-EA13,-1,Cl--EA13,352.460206168087
EA13_5,1,Cl2-EA13,-1,Cl2--EA13,232.63043047857124
EA13_6,1,OH-EA13,-1,OH--EA13,176.98322319458654
EA13_7,1,O-EA13,-1,O--EA13,141.29369852493258
EA13_8,1,O2-EA13,-1,O2--EA13,45.18720592369794
EA13_9,1,P-EA13,-1,P--EA13,70.79328928833661
HC7-11_1,-1,00_1,1,01_22,59.9984053956
HC7-11_2,-1,00_1,1,02_31,104.6835937062
HC7-11_3,-1,10_octane-a,1,11_octane-b,7.9494828444
HC7-11_4,-1,08_hexane,5,05_ethane,-4,09_methane,41.044410234000004
HC7-11_5,-1,11_octane-b,7,05_ethane,-6,09_methane,62.090402202
HC7-11_6,-1,03_adamantane,3,06_ethylene,2,07_ethyne,811.6535405646
HC7-11_7,-1,04_bicycoct,3,06_ethylene,1,07_ethyne,532.2879509742
HTBH38_1,-1,MN_65_H_upper_BH76,-1,MN_47_HCl_upper_BH76,1,MN_78_RKT01_BH76,23.84880297543
HTBH38_10,-1,MN_65_H_upper_BH76,-1,MN_42_H2_BH76,1,MN_82_RKT06_BH76,40.16640432033
HTBH38_11,-1,MN_75_OH_upper_BH76,-1,MN_71_NH3_BH76,1,MN_83_RKT07_BH76,12.552001842384
HTBH38_12,-1,MN_43_H2O_BH76,-1,MN_70_NH2_BH76,1,MN_83_RKT07_BH76,53.136808149492005
HTBH38_13,-1,MN_47_HCl_upper_BH76,-1,MN_24_CH3_upper_BH76,1,MN_84_RKT08_BH76,7.112799643752
HTBH38_14,-1,MN_31_Cl_upper_BH76,-1,MN_25_CH4_BH76,1,MN_84_RKT08_BH76,29.53904479083
HTBH38_15,-1,MN_75_OH_upper_BH76,-1,MN_15_C2H6_BH76,1,MN_85_RKT09_BH76,13.388800564944
HTBH38_16,-1,MN_43_H2O_BH76,-1,MN_14_C2H5_upper_BH76,1,MN_85_RKT09_BH76,83.261612046114
HTBH38_17,-1,MN_41_F_upper_BH76,-1,MN_42_H2_BH76,1,MN_86_RKT10_BH76,5.941281432167999
HTBH38_18,-1,MN_56_HF_upper_BH76,-1,MN_65_H_upper_BH76,1,MN_86_RKT10_BH76,139.745617711344
HTBH38_19,-1,MN_72_O_BH76,-1,MN_25_CH4_BH76,1,MN_87_RKT11_BH76,56.358488482344
HTBH38_2,-1,MN_42_H2_BH76,-1,MN_31_Cl_upper_BH76,1,MN_78_RKT01_BH76,32.886244932066
HTBH38_20,-1,MN_75_OH_upper_BH76,-1,MN_24_CH3_upper_BH76,1,MN_87_RKT11_BH76,33.053604676578
HTBH38_21,-1,MN_65_H_upper_BH76,-1,MN_77_PH3_BH76,1,MN_88_RKT12_BH76,12.970401203664
HTBH38_22,-1,MN_42_H2_BH76,-1,MN_76_PH2_BH76,1,MN_88_RKT12_BH76,97.06881197233801
HTBH38_23,-1,MN_65_H_upper_BH76,-1,MN_75_OH_upper_BH76,1,MN_89_RKT14_BH76,43.932006448344005
HTBH38_24,-1,MN_42_H2_BH76,-1,MN_72_O_BH76,1,MN_89_RKT14_BH76,53.848087063668
HTBH38_25,-1,MN_65_H_upper_BH76,-1,MN_44_H2S_BH76,1,MN_90_RKT16_BH76,14.644001274282
HTBH38_26,-1,MN_42_H2_BH76,-1,MN_64_HS_BH76,1,MN_90_RKT16_BH76,70.12384847244
HTBH38_27,-1,MN_72_O_BH76,-1,MN_47_HCl_upper_BH76,1,MN_91_RKT17_BH76,40.040884511946004
HTBH38_28,-1,MN_75_OH_upper_BH76,-1,MN_31_Cl_upper_BH76,1,MN_91_RKT17_BH76,39.162245853258
HTBH38_29,-1,MN_70_NH2_BH76,-1,MN_24_CH3_upper_BH76,1,MN_92_RKT18_BH76,33.472004037858
HTBH38_3,-1,MN_75_OH_upper_BH76,-1,MN_42_H2_BH76,1,MN_79_RKT02_BH76,20.501602834194
HTBH38_30,-1,MN_69_NH_BH76,-1,MN_25_CH4_BH76,1,MN_92_RKT18_BH76,93.721611831102
HTBH38_31,-1,MN_70_NH2_BH76,-1,MN_14_C2H5_upper_BH76,1,MN_93_RKT19_BH76,31.380004605960004
HTBH38_32,-1,MN_69_NH_BH76,-1,MN_15_C2H6_BH76,1,MN_93_RKT19_BH76,76.56720913814401
HTBH38_33,-1,MN_15_C2H6_BH76,-1,MN_70_NH2_BH76,1,MN_94_RKT20_BH76,43.513604461566004
HTBH38_34,-1,MN_14_C2H5_upper_BH76,-1,MN_71_NH3_BH76,1,MN_94_RKT20_BH76,72.801609635628
HTBH38_35,-1,MN_70_NH2_BH76,-1,MN_25_CH4_BH76,1,MN_95_RKT21_BH76,60.668007154524
HTBH38_36,-1,MN_71_NH3_BH76,-1,MN_24_CH3_upper_BH76,1,MN_95_RKT21_BH76,74.475209706246
HTBH38_37,-1,MN_18_C5H8_BH76,1,MN_96_RKT22_BH76,160.665619906818
HTBH38_38,-1,MN_18_C5H8_BH76,1,MN_96_RKT22_BH76,160.665619906818
HTBH38_4,-1,MN_43_H2O_BH76,-1,MN_65_H_upper_BH76,1,MN_79_RKT02_BH76,88.700811619248
HTBH38_5,-1,MN_24_CH3_upper_BH76,-1,MN_42_H2_BH76,1,MN_80_RKT03_BH76,50.626406730816
HTBH38_6,-1,MN_25_CH4_BH76,-1,MN_65_H_upper_BH76,1,MN_80_RKT03_BH76,64.01520729576
HTBH38_7,-1,MN_75_OH_upper_BH76,-1,MN_25_CH4_BH76,1,MN_81_RKT04_BH76,27.196003116666
HTBH38_8,-1,MN_43_H2O_BH76,-1,MN_24_CH3_upper_BH76,1,MN_81_RKT04_BH76,82.006411336776
HTBH38_9,-1,MN_65_H_upper_BH76,-1,MN_42_H2_BH76,1,MN_82_RKT06_BH76,40.16640432033
IP23_1,-1,02_C_IP23,1,01_C+_IP23,1086.600417021
IP23_10,-1,18_PH_IP23,1,17_PH+_IP23,979.4885002146
IP23_11,-1,16_PH2_IP23,1,15_PH2+_IP23,946.853034975
IP23_12,-1,20_S2_IP23,1,19_S2+_IP23,903.7570606038
IP23_13,-1,26_Si_IP23,1,25_Si+_IP23,786.1848972156
IP23_14,-1,27_Cr_IP23,1,28_Cr+_IP23,652.7510502102
IP23_15,-1,29_Cu_IP23,1,30_Cu+_IP23,745.486527618
IP23_16,-1,31_FeC_IP23,1,32_FeC+_IP23,726.8131981926
IP23_17,-1,33_Mo_IP23,1,34_Mo+_IP23,684.9724744152
IP23_18,-1,35_Pd_IP23,1,36_Pd+_IP23,804.3438915828
IP23_19,-1,37_Rh_IP23,1,38_Rh+_IP23,720.1187033922
IP23_2,-1,22_S_IP23,1,21_S+_IP23,999.5719846157999
IP23_20,-1,39_Ru_IP23,1,40_Ru+_IP23,710.7044552136001
IP23_21,-1,41_Zn_IP23,1,42_Zn+_IP23,906.3888597990001
IP23_22,-1,43_Co_IP23,1,44_Co+_IP23,757.7334255888001
IP23_23,-1,45_Sc_IP23,1,46_Sc+_IP23,633.1320164052
IP23_3,-1,24_SH_IP23,1,23_SH+_IP23,999.5719846157999
IP23_4,-1,06_Cl_IP23,1,05_Cl+_IP23,1251.4525483932
IP23_5,-1,04_Cl2_IP23,1,03_Cl2+_IP23,1110.0311488224002
IP23_6,-1,12_OH_IP23,1,11_OH+_IP23,1251.4525483932
IP23_7,-1,10_O_IP23,1,09_O+_IP23,1313.376494022
IP23_8,-1,08_O2_IP23,1,07_O2+_IP23,1166.9346171756
IP23_9,-1,14_P_IP23,1,13_P+_IP23,1012.1242280040001
IsoL6_11_1,-1,01_10-educt_ISOL6,1,02_10-product_ISOL6,28.533912263999998
IsoL6_11_2,-1,03_13-educt_ISOL6,1,04_13-product_ISOL6,140.246226666
IsoL6_11_3,-1,05_14-educt_ISOL6,1,06_14-product_ISOL6,22.174956108
IsoL6_11_4,-1,07_20-educt_ISOL6,1,08_20-product_ISOL6,19.496948148
IsoL6_11_5,-1,09_3-educt_ISOL6,1,10_3-product_ISOL6,40.876378362
IsoL6_11_6,-1,11_9-educt_ISOL6,1,12_9-product_ISOL6,91.044394146
MR-MGM-BE4_1,-1,02_CaO_MR-MGM-BE4,1,01_Ca_MR-MGM-BE4,1,10_O_MR-MGM-BE4,402.2914059504
MR-MGM-BE4_2,-1,04_KO-_MR-MGM-BE4,1,03_K_MR-MGM-BE4,1,09_O-_MR-MGM-BE4,138.6575378262
MR-MGM-BE4_3,-1,06_LiO-_MR-MGM-BE4,1,05_Li_MR-MGM-BE4,1,09_O-_MR-MGM-BE4,240.956391699
MR-MGM-BE4_4,-1,08_MgS_MR-MGM-BE4,1,07_Mg_MR-MGM-BE4,1,11_S_MR-MGM-BE4,232.9649008866
MR-MGN-BE17_1,-1,11_NF3_MR-MGN-BE17,1,09_N_MR-MGN-BE17,3,07_F_MR-MGN-BE17,855.7532428211999
MR-MGN-BE17_10,-1,14_O2_MR-MGN-BE17,2,13_O_MR-MGN-BE17,503.62775225639996
MR-MGN-BE17_11,-1,12_NO_MR-MGN-BE17,1,09_N_MR-MGN-BE17,1,13_O_MR-MGN-BE17,638.896559814
MR-MGN-BE17_12,-1,02_CN_MR-MGN-BE17,1,01_C_MR-MGN-BE17,1,09_N_MR-MGN-BE17,758.4333833556001
MR-MGN-BE17_13,-1,21_b2_MR-MGN-BE17,2,20_b_MR-MGN-BE17,282.0013270326
MR-MGN-BE17_14,-1,25_o3_MR-MGN-BE17,1,13_O_MR-MGN-BE17,1,14_O2_MR-MGN-BE17,111.3360805386
MR-MGN-BE17_15,-1,22_c2_MR-MGN-BE17,2,01_C_MR-MGN-BE17,614.5455909636
MR-MGN-BE17_16,-1,27_s4_MR-MGN-BE17,2,26_s2_MR-MGN-BE17,107.7378355296
MR-MGN-BE17_17,-1,24_cl2o_MR-MGN-BE17,1,13_O_MR-MGN-BE17,1,23_cl2_MR-MGN-BE17,174.5144891118
MR-MGN-BE17_2,-1,04_CO2_MR-MGN-BE17,1,01_C_MR-MGN-BE17,2,13_O_MR-MGN-BE17,1630.1278623834
MR-MGN-BE17_3,-1,19_SiO_MR-MGN-BE17,1,18_Si_MR-MGN-BE17,1,13_O_MR-MGN-BE17,805.0013162820001
MR-MGN-BE17_4,-1,17_SO2_MR-MGN-BE17,1,15_S_MR-MGN-BE17,2,13_O_MR-MGN-BE17,1086.20790507
MR-MGN-BE17_5,-1,03_CO_MR-MGN-BE17,1,01_C_MR-MGN-BE17,1,13_O_MR-MGN-BE17,1085.4129042756
MR-MGN-BE17_6,-1,16_SO_MR-MGN-BE17,1,15_S_MR-MGN-BE17,1,13_O_MR-MGN-BE17,525.8867243004
MR-MGN-BE17_7,-1,06_ClO_MR-MGN-BE17,1,13_O_MR-MGN-BE17,1,05_Cl_MR-MGN-BE17,271.2903453918
MR-MGN-BE17_8,-1,08_F2_MR-MGN-BE17,2,07_F_MR-MGN-BE17,160.12150907580002
MR-MGN-BE17_9,-1,10_N2_MR-MGN-BE17,2,09_N_MR-MGN-BE17,955.9600998876
MR-TM-BE13_1,-1,26_TiCl_MR-TM-BE13,1,25_Ti_MR-TM-BE13,1,06_Cl_ma_MR-TM-BE13,421.6631178438
MR-TM-BE13_10,-1,12_CuCl-nr_MR-TM-BE13,1,11_Cu-nr_MR-TM-BE13,1,06_Cl_ma_MR-TM-BE13,366.93960047999997
MR-TM-BE13_11,-1,13_CuH-nr_MR-TM-BE13,1,11_Cu-nr_MR-TM-BE13,1,18_H_MR-TM-BE13,261.917054982
MR-TM-BE13_12,-1,22_NiCl-nr_MR-TM-BE13,1,20_Ni-nr_MR-TM-BE13,1,06_Cl_ma_MR-TM-BE13,367.56972
MR-TM-BE13_13,-1,30_VO-nr_MR-TM-BE13,1,28_V_MR-TM-BE13,1,23_O_MR-TM-BE13,631.6948188
MR-TM-BE13_2,-1,29_VF5_MR-TM-BE13,1,28_V_MR-TM-BE13,5,14_F_MR-TM-BE13,2360.4017294898003
MR-TM-BE13_3,-1,08_CrCl_MR-TM-BE13,1,10_Cr_mrbe5_MR-TM-BE13,1,06_Cl_ma_MR-TM-BE13,377.186919174
MR-TM-BE13_4,-1,09_CrOF_MR-TM-BE13,1,10_Cr_mrbe5_MR-TM-BE13,1,23_O_MR-TM-BE13,1,14_F_MR-TM-BE13,1035.8739578124
MR-TM-BE13_5,-1,16_FeBr2_dimer_MR-TM-BE13,2,15_Fe_MR-TM-BE13,4,01_Br_MR-TM-BE13,1534.690222434
MR-TM-BE13_6,-1,07_CoCO4HMR-TM-BE13,1,05_Co_MR-TM-BE13,4,02_C_MR-TM-BE13,4,23_O_MR-TM-BE13,1,18_H_MR-TM-BE13,5146.8595600769995
MR-TM-BE13_7,-1,21_NiCH2+_MR-TM-BE13,1,19_Ni+_MR-TM-BE13,1,03_CH2_MR-TM-BE13,319.23430182000004
MR-TM-BE13_8,-1,17_FeCO5_MR-TM-BE13,1,15_Fe_MR-TM-BE13,5,04_CO_MR-TM-BE13,616.721603706
MR-TM-BE13_9,-1,31_VS_MR-TM-BE13,1,28_V_MR-TM-BE13,1,24_S_MR-TM-BE13,447.26933728800003
MR-TMD_BE3_1,-1,02_Cr2_MR-TMD-BE3,2,01_Cr_MR-TMD-BE3,150.7035852
MR-TMD_BE3_2,-1,04_Fe2_MR-TMD-BE3,2,03_Fe_MR-TMD-BE3,268.61470038
MR-TMD_BE3_3,-1,06_V2_MR-TMD-BE3,2,05_V_MR-TMD-BE3,111.2525897022
NCCE23_1,-1,44_NH3-NH3_NCCE30,2,45_NH3_NCCE30,13.17999996
NCCE23_14,-1,26_H2S-H2S_NCCE30,2,28_H2S_NCCE30,6.9575697000000005
NCCE23_15,-1,36_HCl-HCl_NCCE30,2,37_HCl_NCCE30,8.4015936
NCCE23_16,-1,27_H2S-HCl_NCCE30,1,37_HCl_NCCE30,1,28_H2S_NCCE30,14.020159320000001
NCCE23_17,-1,11_CH3Cl-HCl_NCCE30,1,12_CH3Cl_NCCE30,1,37_HCl_NCCE30,14.86031868
NCCE23_18,-1,29_HCN-CH3SH_NCCE30,1,31_HCN_NCCE30,1,14_CH3SH_NCCE30,15.017848560000001
NCCE23_19,-1,13_CH3SH-HCl_NCCE30,1,14_CH3SH_NCCE30,1,37_HCl_NCCE30,17.40705174
NCCE23_2,-1,38_HF-HF_NCCE30,2,39_HF_NCCE30,19.11362544
NCCE23_20,-1,16_CH4-Ne_NCCE30,1,17_CH4_NCCE30,1,46_Ne_NCCE30,0.9189243
NCCE23_21,-1,09_C6H6-Ne_NCCE30,1,10_C6H6_NCCE30,1,46_Ne_NCCE30,1.9691235
NCCE23_22,-1,15_CH4-CH4_NCCE30,2,17_CH4_NCCE30,2.12665338
NCCE23_23,-1,18_CO2-Ar_NCCE30,1,19_CO2_NCCE30,1,01_Ar_NCCE30,2.38920318
NCCE23_24,-1,02_C2H2-C2H2_NCCE30,2,04_C2H2_NCCE30,5.61856572
NCCE23_25,-1,05_C2H4-C2H4_NCCE30,2,07_C2H4_NCCE30,5.93362548
NCCE23_26,-1,48_S-C6H6-C6H6_NCCE30,2,10_C6H6_NCCE30,7.5614342400000005
NCCE23_27,-1,49_T-C6H6-C6H6_NCCE30,2,10_C6H6_NCCE30,11.47342626
NCCE23_28,-1,47_P-C6H6-C6H6_NCCE30,2,10_C6H6_NCCE30,11.63095614
NCCE23_29,-1,50_p-C2O4_NCCE30,2,19_CO2_NCCE30,6.22243026
NCCE23_3,-1,24_H2O-H2O_NCCE30,2,25_H2O_NCCE30,20.79394416
NCCE23_30,-1,51_s-C10H10N2_NCCE30,2,08_C5H5N_NCCE30,12.103545780000001
NCCE23_4,-1,43_NH3-H2O_NCCE30,1,45_NH3_NCCE30,1,25_H2O_NCCE30,26.80633458
NCCE23_5,-1,32_HCONH2-HCONH2_NCCE30,2,33_HCONH2_NCCE30,62.51310738
NCCE23_6,-1,34_HCOOH-HCOOH_NCCE30,2,35_HCOOH_NCCE30,67.58031851999999
CT7_1,-1,06_C2H4-F2_NCCE30,1,07_C2H4_NCCE30,1,22_F2_NCCE30,4.43709162
CT7_2,-1,42_NH3-F2_NCCE30,1,45_NH3_NCCE30,1,22_F2_NCCE30,7.5729864312
CT7_3,-1,03_C2H2-ClF_NCCE30,1,04_C2H2_NCCE30,1,21_ClF_NCCE30,15.93677286
CT7_4,-1,30_HCN-ClF_NCCE30,1,31_HCN_NCCE30,1,21_ClF_NCCE30,20.32135452
CT7_5,-1,40_NH3-Cl2_NCCE30,1,45_NH3_NCCE30,1,20_Cl2_NCCE30,20.42637444
CT7_6,-1,23_H2O-ClF_NCCE30,1,25_H2O_NCCE30,1,21_ClF_NCCE30,22.421752920000003
CT7_7,-1,41_NH3-ClF_NCCE30,1,45_NH3_NCCE30,1,21_ClF_NCCE30,44.423426160000005
NGDWI21_1,-1,06_He2_c0_m1_NGDWI21,2,05_He_NGDWI21,0.09189243
NGDWI21_10,-1,03_ArAr_L_c0_m1_NGDWI21,2,01_Ar_NGDWI21,0.59073705
NGDWI21_11,-1,04_ArAr_R_c0_m1_NGDWI21,2,01_Ar_NGDWI21,1.000314738
NGDWI21_12,-1,24_NeNe_L_c0_m1_NGDWI21,2,19_Ne_NGDWI21,0.063011952
NGDWI21_13,-1,25_NeNe_R_c0_m1_NGDWI21,2,19_Ne_NGDWI21,0.280928286
NGDWI21_14,-1,17_KrKr_L_c0_m1_NGDWI21,2,15_Kr_NGDWI21,0.9871872479999999
NGDWI21_15,-1,18_KrKr_R_c0_m1_NGDWI21,2,15_Kr_NGDWI21,1.436147406
NGDWI21_16,-1,12_HeNe_L_c0_m1_NGDWI21,1,05_He_NGDWI21,1,19_Ne_NGDWI21,0.026254980000000004
NGDWI21_17,-1,13_HeNe_R_c0_m1_NGDWI21,1,05_He_NGDWI21,1,19_Ne_NGDWI21,0.139151394
NGDWI21_18,-1,07_HeAr_L_c0_m1_NGDWI21,1,05_He_NGDWI21,1,01_Ar_NGDWI21,0.10501992000000002
NGDWI21_19,-1,08_HeAr_R_c0_m1_NGDWI21,1,05_He_NGDWI21,1,01_Ar_NGDWI21,0.204788844
NGDWI21_2,-1,20_Ne2_c0_m1_NGDWI21,2,19_Ne_NGDWI21,0.333438246
NGDWI21_20,-1,21_NeAr_L_c0_m1_NGDWI21,1,19_Ne_NGDWI21,1,01_Ar_NGDWI21,0.220541832
NGDWI21_21,-1,22_NeAr_R_c0_m1_NGDWI21,1,19_Ne_NGDWI21,1,01_Ar_NGDWI21,0.456836652
NGDWI21_3,-1,02_Ar2_c0_m1_NGDWI21,2,01_Ar_NGDWI21,1.212980076
NGDWI21_4,-1,16_Kr2_c0_m1_NGDWI21,2,15_Kr_NGDWI21,1.672442226
NGDWI21_5,-1,14_HeNe_c0_m1_NGDWI21,1,05_He_NGDWI21,1,19_Ne_NGDWI21,0.168031872
NGDWI21_6,-1,09_HeAr_c0_m1_NGDWI21,1,05_He_NGDWI21,1,01_Ar_NGDWI21,0.252047808
NGDWI21_7,-1,23_NeAr_c0_m1_NGDWI21,1,19_Ne_NGDWI21,1,01_Ar_NGDWI21,0.543478086
NGDWI21_8,-1,10_HeHe_L_c0_m1_NGDWI21,2,05_He_NGDWI21,0.028880478
NGDWI21_9,-1,11_HeHe_R_c0_m1_NGDWI21,2,05_He_NGDWI21,0.070888446
NHTBH38_1,-1,MN_57_h_lower_BH76,-1,MN_67_n2o_BH76,1,MN_68_n2ohts_BH76,71.671928734674
NHTBH38_10,-1,MN_55_hf_lower_BH76,-1,MN_40_f_lower_BH76,1,MN_52_hf2ts_BH76,442.667256748182
NHTBH38_11,-1,MN_22_ch3_lower_BH76,-1,MN_29_clf_BH76,1,MN_21_ch3fclts_BH76,28.158324273108004
NHTBH38_12,-1,MN_20_ch3f_BH76,-1,MN_30_cl_lower_BH76,1,MN_21_ch3fclts_BH76,247.525471710936
NHTBH38_13,-1,MN_33_f-_BH76,-1,MN_20_ch3f_BH76,1,MN_39_fch3fts_BH76,-1.42256045385
NHTBH38_14,-1,MN_20_ch3f_BH76,-1,MN_33_f-_BH76,1,MN_39_fch3fts_BH76,-1.42256045385
NHTBH38_15,-1,MN_38_fch3fcomp_BH76,1,MN_39_fch3fts_BH76,55.981926431694
NHTBH38_16,-1,MN_38_fch3fcomp_BH76,1,MN_39_fch3fts_BH76,55.981926431694
NHTBH38_17,-1,MN_26_cl-_BH76,-1,MN_19_ch3cl_BH76,1,MN_28_clch3clts_BH76,12.970401203664
NHTBH38_18,-1,MN_19_ch3cl_BH76,-1,MN_26_cl-_BH76,1,MN_28_clch3clts_BH76,12.970401203664
NHTBH38_19,-1,MN_27_clch3clcomp_BH76,1,MN_28_clch3clts_BH76,56.107446240078
NHTBH38_2,-1,MN_74_oh_lower_BH76,-1,MN_66_n2_BH76,1,MN_68_n2ohts_BH76,344.217724258122
NHTBH38_20,-1,MN_27_clch3clcomp_BH76,1,MN_28_clch3clts_BH76,56.107446240078
NHTBH38_21,-1,MN_33_f-_BH76,-1,MN_19_ch3cl_BH76,1,MN_37_fch3clts_BH76,-52.46736654594601
NHTBH38_22,-1,MN_26_cl-_BH76,-1,MN_20_ch3f_BH76,1,MN_37_fch3clts_BH76,84.14025070480201
NHTBH38_23,-1,MN_35_fch3clcomp1_BH76,1,MN_37_fch3clts_BH76,14.392961657514
NHTBH38_24,-1,MN_36_fch3clcomp2_BH76,1,MN_37_fch3clts_BH76,123.09329687742
NHTBH38_25,-1,MN_73_oh-_BH76,-1,MN_20_ch3f_BH76,1,MN_63_hoch3fts_BH76,-10.208960168219999
NHTBH38_26,-1,MN_23_ch3oh_lower_BH76,-1,MN_33_f-_BH76,1,MN_63_hoch3fts_BH76,73.889450600454
NHTBH38_27,-1,MN_62_hoch3fcomp2_BH76,1,MN_63_hoch3fts_BH76,45.85664613573
NHTBH38_28,-1,MN_61_hoch3fcomp1_BH76,1,MN_63_hoch3fts_BH76,197.48482671141
NHTBH38_29,-1,MN_57_h_lower_BH76,-1,MN_66_n2_BH76,1,MN_59_hn2ts_BH76,60.082248048732005
NHTBH38_3,-1,MN_57_h_lower_BH76,-1,MN_55_hf_lower_BH76,1,MN_54_hfhts_BH76,176.481142018182
NHTBH38_30,-1,MN_58_hn2_BH76,1,MN_59_hn2ts_BH76,44.392245745752
NHTBH38_31,-1,MN_57_h_lower_BH76,-1,MN_32_co_BH76,1,MN_51_hcots_BH76,13.26328075656
NHTBH38_32,-1,MN_50_hco_BH76,1,MN_51_hcots_BH76,94.89313266818401
NHTBH38_33,-1,MN_57_h_lower_BH76,-1,MN_11_c2h4_BH76,1,MN_13_c2h5ts_BH76,7.196482141505999
NHTBH38_34,-1,MN_12_c2h5_lower_BH76,1,MN_13_c2h5ts_BH76,174.68202213918
NHTBH38_35,-1,MN_22_ch3_lower_BH76,-1,MN_11_c2h4_BH76,1,MN_17_c3h7ts_BH76,28.660403506644002
NHTBH38_36,-1,MN_16_c3h7_BH76,1,MN_17_c3h7ts_BH76,137.946497832342
NHTBH38_37,-1,MN_48_hcn_BH76,1,MN_49_hcnts_BH76,201.12490640554202
NHTBH38_38,-1,MN_60_hnc_BH76,1,MN_49_hcnts_BH76,137.318898790422
NHTBH38_4,-1,MN_55_hf_lower_BH76,-1,MN_57_h_lower_BH76,1,MN_54_hfhts_BH76,176.481142018182
NHTBH38_5,-1,MN_57_h_lower_BH76,-1,MN_46_hcl_lower_BH76,1,MN_45_hclhts_BH76,75.312011054304
NHTBH38_6,-1,MN_46_hcl_lower_BH76,-1,MN_57_h_lower_BH76,1,MN_45_hclhts_BH76,75.312011054304
NHTBH38_7,-1,MN_57_h_lower_BH76,-1,MN_20_ch3f_BH76,1,MN_53_hfch3ts_BH76,127.109935996704
NHTBH38_8,-1,MN_55_hf_lower_BH76,-1,MN_22_ch3_lower_BH76,1,MN_53_hfch3ts_BH76,238.571712252054
NHTBH38_9,-1,MN_57_h_lower_BH76,-1,MN_34_f2_BH76,1,MN_52_hf2ts_BH76,9.497681254044
PA8_1,-1,12_NH4+_PA8,1,11_NH3_PA8,886.588666632
PA8_2,-1,08_H3O+_PA8,1,05_H2O_PA8,718.811467938
PA8_3,-1,02_C2H3+_PA8,1,01_C2H2_PA8,655.2140298840001
PA8_4,-1,16_SiH5+_PA8,1,15_SiH4_PA8,654.796575702
PA8_5,-1,14_PH4+_PA8,1,13_PH3_PA8,807.928746552
PA8_6,-1,09_H3S+_PA8,1,06_H2S_PA8,726.7614758820001
PA8_7,-1,04_H2Cl+_PA8,1,10_HCl_PA8,573.626679534
PA8_8,-1,07_H3+_PA8,1,03_H2_PA8,443.08429347599997
S6x6_01,1,04_water_peptide_090-S6x6,-1,04_water_peptide_A-S6x6,-1,04_water_peptide_B-S6x6,-32.76072429240059
S6x6_02,1,04_water_peptide_095-S6x6,-1,04_water_peptide_A-S6x6,-1,04_water_peptide_B-S6x6,-33.72304441848643
S6x6_03,1,04_water_peptide_100-S6x6,-1,04_water_peptide_A-S6x6,-1,04_water_peptide_B-S6x6,-33.80672442945042
S6x6_04,1,04_water_peptide_105-S6x6,-1,04_water_peptide_A-S6x6,-1,04_water_peptide_B-S6x6,-32.80256429788258
S6x6_05,1,04_water_peptide_110-S6x6,-1,04_water_peptide_A-S6x6,-1,04_water_peptide_B-S6x6,-31.21264408956684
S6x6_06,1,04_water_peptide_125-S6x6,-1,04_water_peptide_A-S6x6,-1,04_water_peptide_B-S6x6,-25.06216328371386
S6x6_07,1,17_Uracil_Uracil_BP_090-S6x6,-1,17_Uracil_Uracil_BP_A-S6x6,-1,17_Uracil_Uracil_BP_B-S6x6,-65.68880860672914
S6x6_08,1,17_Uracil_Uracil_BP_095-S6x6,-1,17_Uracil_Uracil_BP_A-S6x6,-1,17_Uracil_Uracil_BP_B-S6x6,-70.70960926456831
S6x6_09,1,17_Uracil_Uracil_BP_100-S6x6,-1,17_Uracil_Uracil_BP_A-S6x6,-1,17_Uracil_Uracil_BP_B-S6x6,-71.88112941806412
S6x6_10,1,17_Uracil_Uracil_BP_105-S6x6,-1,17_Uracil_Uracil_BP_A-S6x6,-1,17_Uracil_Uracil_BP_B-S6x6,-70.54224924264034
S6x6_11,1,17_Uracil_Uracil_BP_110-S6x6,-1,17_Uracil_Uracil_BP_A-S6x6,-1,17_Uracil_Uracil_BP_B-S6x6,-67.65528886438283
S6x6_12,1,17_Uracil_Uracil_BP_125-S6x6,-1,17_Uracil_Uracil_BP_A-S6x6,-1,17_Uracil_Uracil_BP_B-S6x6,-55.01960720882091
S6x6_13,1,20_AcOH_AcOH_090-S6x6,-1,20_AcOH_AcOH_A-S6x6,-1,20_AcOH_AcOH_B-S6x6,-73.01080956607794
S6x6_14,1,20_AcOH_AcOH_095-S6x6,-1,20_AcOH_AcOH_A-S6x6,-1,20_AcOH_AcOH_B-S6x6,-78.617370300665
S6x6_15,1,20_AcOH_AcOH_100-S6x6,-1,20_AcOH_AcOH_A-S6x6,-1,20_AcOH_AcOH_B-S6x6,-79.8725704651248
S6x6_16,1,20_AcOH_AcOH_105-S6x6,-1,20_AcOH_AcOH_A-S6x6,-1,20_AcOH_AcOH_B-S6x6,-78.32449026229105
S6x6_17,1,20_AcOH_AcOH_110-S6x6,-1,20_AcOH_AcOH_A-S6x6,-1,20_AcOH_AcOH_B-S6x6,-75.0609698346956
S6x6_18,1,20_AcOH_AcOH_125-S6x6,-1,20_AcOH_AcOH_A-S6x6,-1,20_AcOH_AcOH_B-S6x6,-60.919047981781944
S6x6_19,1,28_Benzene_Uracil_pi-pi_090-S6x6,-1,28_Benzene_Uracil_pi-pi_A-S6x6,-1,28_Benzene_Uracil_pi-pi_B-S6x6,-14.769521935143558
S6x6_20,1,28_Benzene_Uracil_pi-pi_095-S6x6,-1,28_Benzene_Uracil_pi-pi_A-S6x6,-1,28_Benzene_Uracil_pi-pi_B-S6x6,-21.84048286160039
S6x6_21,1,28_Benzene_Uracil_pi-pi_100-S6x6,-1,28_Benzene_Uracil_pi-pi_A-S6x6,-1,28_Benzene_Uracil_pi-pi_B-S6x6,-23.890643130218052
S6x6_22,1,28_Benzene_Uracil_pi-pi_105-S6x6,-1,28_Benzene_Uracil_pi-pi_A-S6x6,-1,28_Benzene_Uracil_pi-pi_B-S6x6,-23.22120304250616
S6x6_23,1,28_Benzene_Uracil_pi-pi_110-S6x6,-1,28_Benzene_Uracil_pi-pi_A-S6x6,-1,28_Benzene_Uracil_pi-pi_B-S6x6,-21.25472278485249
S6x6_24,1,28_Benzene_Uracil_pi-pi_125-S6x6,-1,28_Benzene_Uracil_pi-pi_A-S6x6,-1,28_Benzene_Uracil_pi-pi_B-S6x6,-13.765361803575727
S6x6_25,1,29_Pyridine_Uracil_pi-pi_090-S6x6,-1,29_Pyridine_Uracil_pi-pi_A-S6x6,-1,29_Pyridine_Uracil_pi-pi_B-S6x6,-15.648162050265416
S6x6_26,1,29_Pyridine_Uracil_pi-pi_095-S6x6,-1,29_Pyridine_Uracil_pi-pi_A-S6x6,-1,29_Pyridine_Uracil_pi-pi_B-S6x6,-25.815283382389733
S6x6_27,1,29_Pyridine_Uracil_pi-pi_100-S6x6,-1,29_Pyridine_Uracil_pi-pi_A-S6x6,-1,29_Pyridine_Uracil_pi-pi_B-S6x6,-28.49304373323729
S6x6_28,1,29_Pyridine_Uracil_pi-pi_105-S6x6,-1,29_Pyridine_Uracil_pi-pi_A-S6x6,-1,29_Pyridine_Uracil_pi-pi_B-S6x6,-27.530723607151455
S6x6_29,1,29_Pyridine_Uracil_pi-pi_110-S6x6,-1,29_Pyridine_Uracil_pi-pi_A-S6x6,-1,29_Pyridine_Uracil_pi-pi_B-S6x6,-24.97848327274987
S6x6_30,1,29_Pyridine_Uracil_pi-pi_125-S6x6,-1,29_Pyridine_Uracil_pi-pi_A-S6x6,-1,29_Pyridine_Uracil_pi-pi_B-S6x6,-16.192082121531325
S6x6_31,1,47_Benzene_Benzene_TS_090-S6x6,-1,47_Benzene_Benzene_A-S6x6,-1,47_Benzene_Benzene_B-S6x6,-6.861760899046866
S6x6_32,1,47_Benzene_Benzene_TS_095-S6x6,-1,47_Benzene_Benzene_A-S6x6,-1,47_Benzene_Benzene_B-S6x6,-10.794721414354216
S6x6_33,1,47_Benzene_Benzene_TS_100-S6x6,-1,47_Benzene_Benzene_A-S6x6,-1,47_Benzene_Benzene_B-S6x6,-12.008081573332017
S6x6_34,1,47_Benzene_Benzene_TS_105-S6x6,-1,47_Benzene_Benzene_A-S6x6,-1,47_Benzene_Benzene_B-S6x6,-11.79888154592205
S6x6_35,1,47_Benzene_Benzene_TS_110-S6x6,-1,47_Benzene_Benzene_A-S6x6,-1,47_Benzene_Benzene_B-S6x6,-10.878401425318202
S6x6_36,1,47_Benzene_Benzene_TS_125-S6x6,-1,47_Benzene_Benzene_A-S6x6,-1,47_Benzene_Benzene_B-S6x6,-7.405680970312777
SMAE3_01,-1,SMAE3_H2SO4,2,SMAE3_H,4,SMAE3_O,1,SMAE3_S,2519.5214509232223
SMAE3_02,-1,SMAE3_SO3,3,SMAE3_O,1,SMAE3_S,1440.258507911826
SMAE3_03,-1,SMAE_H2S2,2,SMAE3_S,2,SMAE3_H,1007.423651906712
SR-MGM-BE9_1,-1,02_AlCl3_SR-MGM-BE9,1,01_Al_SR-MGM-BE9,3,04_Cl_SR-MGM-BE9,1296.6623112042
SR-MGM-BE9_2,-1,03_AlF3_SR-MGM-BE9,1,01_Al_SR-MGM-BE9,3,05_F_SR-MGM-BE9,1797.4448112779999
SR-MGM-BE9_3,-1,07_KOH_SR-MGM-BE9,1,06_K_SR-MGM-BE9,1,12_OH_SR-MGM-BE9,355.639457088
SR-MGM-BE9_4,-1,11_Nao_SR-MGM-BE9,1,10_Na_SR-MGM-BE9,1,19_o_SR-MGM-BE9,272.923142598
SR-MGM-BE9_5,-1,18_lio_SR-MGM-BE9,1,08_Li_SR-MGM-BE9,1,19_o_SR-MGM-BE9,345.347504928
SR-MGM-BE9_6,-1,09_LiCl_SR-MGM-BE9,1,08_Li_SR-MGM-BE9,1,04_Cl_SR-MGM-BE9,476.55729257760004
SR-MGM-BE9_7,-1,17_alcl_SR-MGM-BE9,1,01_Al_SR-MGM-BE9,1,04_Cl_SR-MGM-BE9,508.60648411380004
SR-MGM-BE9_8,-1,16_ZnSe_SR-MGM-BE9,1,14_Zn_SR-MGM-BE9,1,13_Se_SR-MGM-BE9,105.4365865326
SR-MGM-BE9_9,-1,15_ZnCl_SR-MGM-BE9,1,14_Zn_SR-MGM-BE9,1,04_Cl_SR-MGM-BE9,223.7601674484
SR-MGN-BE107_1,-1,045_CH3CO_SR-MGN-BE107,2,160_C_SR-MGN-BE107,1,180_O_SR-MGN-BE107,3,110_H_SR-MGN-BE107,2433.3309750852
SR-MGN-BE107_10,-1,039_CH2_3B1_SR-MGN-BE107,1,160_C_SR-MGN-BE107,2,110_H_SR-MGN-BE107,797.7215979774
SR-MGN-BE107_100,-1,018_C4H10_isobutane_SR-MGN-BE107,4,160_C_SR-MGN-BE107,10,110_H_SR-MGN-BE107,5451.920110944
SR-MGN-BE107_101,-1,017_C4H10_antiperiplanarbutane_SR-MGN-BE107,4,160_C_SR-MGN-BE107,10,110_H_SR-MGN-BE107,5444.723620926
SR-MGN-BE107_102,-1,026_C4H8_cyclobutane_SR-MGN-BE107,4,160_C_SR-MGN-BE107,8,110_H_SR-MGN-BE107,4807.4585455692
SR-MGN-BE107_103,-1,027_C4H8_isobutene_SR-MGN-BE107,4,160_C_SR-MGN-BE107,8,110_H_SR-MGN-BE107,4847.624989272
SR-MGN-BE107_104,-1,029_C5H8_spiropentane_SR-MGN-BE107,5,160_C_SR-MGN-BE107,8,110_H_SR-MGN-BE107,5373.428222736
SR-MGN-BE107_105,-1,030_C6H6_SR-MGN-BE107,6,160_C_SR-MGN-BE107,6,110_H_SR-MGN-BE107,5721.8717149056
SR-MGN-BE107_106,-1,055_CH3_2_CH_SR-MGN-BE107,3,160_C_SR-MGN-BE107,7,110_H_SR-MGN-BE107,3768.7385479248
SR-MGN-BE107_107,-1,069_H2CCO_SR-MGN-BE107,2,160_C_SR-MGN-BE107,1,180_O_SR-MGN-BE107,2,110_H_SR-MGN-BE107,2227.2272816868
SR-MGN-BE107_11,-1,038_CH2_1A1_SR-MGN-BE107,1,160_C_SR-MGN-BE107,2,110_H_SR-MGN-BE107,758.8521502866
SR-MGN-BE107_12,-1,060_CH_2pi_SR-MGN-BE107,1,160_C_SR-MGN-BE107,1,110_H_SR-MGN-BE107,352.209243951
SR-MGN-BE107_13,-1,086_OH_SR-MGN-BE107,1,110_H_SR-MGN-BE107,1,180_O_SR-MGN-BE107,448.4831050134
SR-MGN-BE107_14,-1,037_CH2OH_SR-MGN-BE107,1,160_C_SR-MGN-BE107,1,180_O_SR-MGN-BE107,3,110_H_SR-MGN-BE107,1714.4360163108
SR-MGN-BE107_15,-1,071_H2O_SR-MGN-BE107,2,110_H_SR-MGN-BE107,1,180_O_SR-MGN-BE107,973.826088678
SR-MGN-BE107_16,-1,051_CH3OCH3_SR-MGN-BE107,2,160_C_SR-MGN-BE107,1,180_O_SR-MGN-BE107,6,110_H_SR-MGN-BE107,3339.0416687508005
SR-MGN-BE107_17,-1,016_C3H8_SR-MGN-BE107,3,160_C_SR-MGN-BE107,8,110_H_SR-MGN-BE107,4212.7446537486
SR-MGN-BE107_18,-1,054_CH3_2App2_SR-MGN-BE107,1,160_C_SR-MGN-BE107,3,110_H_SR-MGN-BE107,1287.79364151
SR-MGN-BE107_19,-1,010_C2H6_SR-MGN-BE107,2,054_CH3_2App2_SR-MGN-BE107,375.6814586208
SR-MGN-BE107_2,-1,046_CH3COCH3_SR-MGN-BE107,3,160_C_SR-MGN-BE107,1,180_O_SR-MGN-BE107,6,110_H_SR-MGN-BE107,4091.7850728408002
SR-MGN-BE107_20,-1,102_iPr-CH3_SR-MGN-BE107,1,016_C3H8_SR-MGN-BE107,1,038_CH2_1A1_SR-MGN-BE107,397.48018086540003
SR-MGN-BE107_21,-1,011_C2H6O_SR-MGN-BE107,1,054_CH3_2App2_SR-MGN-BE107,1,037_CH2OH_SR-MGN-BE107,407.47991509800005
SR-MGN-BE107_22,-1,103_iPr-OCH3_SR-MGN-BE107,1,056_CH3_3_C_SR-MGN-BE107,1,086_OH_SR-MGN-BE107,382.87794863880004
SR-MGN-BE107_23,-1,065_Et-H_SR-MGN-BE107,1,036_CH2CH2_SR-MGN-BE107,2,110_H_SR-MGN-BE107,455.72134044960006
SR-MGN-BE107_24,-1,064_Et-CH3_SR-MGN-BE107,1,007_C2H5_SR-MGN-BE107,1,054_CH3_2App2_SR-MGN-BE107,401.2039246788
SR-MGN-BE107_25,-1,066_Et-OCH3_SR-MGN-BE107,1,051_CH3OCH3_SR-MGN-BE107,1,038_CH2_1A1_SR-MGN-BE107,398.56792468680004
SR-MGN-BE107_26,-1,067_Et-OH_SR-MGN-BE107,1,041_CH3CH3_SR-MGN-BE107,1,180_O_SR-MGN-BE107,419.6133915552
SR-MGN-BE107_27,-1,105_tBu-H_SR-MGN-BE107,2,054_CH3_2App2_SR-MGN-BE107,1,036_CH2CH2_SR-MGN-BE107,434.5503747768
SR-MGN-BE107_28,-1,104_tBu-CH3_SR-MGN-BE107,1,042_CH3CHCH2_SR-MGN-BE107,2,054_CH3_2App2_SR-MGN-BE107,391.9154378544
SR-MGN-BE107_29,-1,106_tBu-OCH3_SR-MGN-BE107,1,045_CH3CO_SR-MGN-BE107,3,054_CH3_2App2_SR-MGN-BE107,373.5057084282
SR-MGN-BE107_3,-1,035_CH2CH_SR-MGN-BE107,2,160_C_SR-MGN-BE107,3,110_H_SR-MGN-BE107,1865.6878054932001
SR-MGN-BE107_30,-1,107_tBu-OH_SR-MGN-BE107,1,056_CH3_3_C_SR-MGN-BE107,1,086_OH_SR-MGN-BE107,481.24380650759997
SR-MGN-BE107_31,-1,082_NH_SR-MGN-BE107,1,170_N_SR-MGN-BE107,1,110_H_SR-MGN-BE107,347.69049934320003
SR-MGN-BE107_32,-1,083_NH2_SR-MGN-BE107,1,170_N_SR-MGN-BE107,2,110_H_SR-MGN-BE107,763.9566434982
SR-MGN-BE107_33,-1,085_NH3_SR-MGN-BE107,1,170_N_SR-MGN-BE107,3,110_H_SR-MGN-BE107,1246.915950399
SR-MGN-BE107_34,-1,079_HF_SR-MGN-BE107,1,190_F_SR-MGN-BE107,1,110_H_SR-MGN-BE107,590.9901480072
SR-MGN-BE107_35,-1,098_SiH2_1A1_SR-MGN-BE107,1,240_Si_SR-MGN-BE107,2,110_H_SR-MGN-BE107,635.0893251642
SR-MGN-BE107_36,-1,099_SiH2_3B1_SR-MGN-BE107,1,240_Si_SR-MGN-BE107,2,110_H_SR-MGN-BE107,548.3132031168
SR-MGN-BE107_37,-1,100_SiH3_SR-MGN-BE107,1,240_Si_SR-MGN-BE107,3,110_H_SR-MGN-BE107,952.1948732058
SR-MGN-BE107_38,-1,101_SiH4_SR-MGN-BE107,1,240_Si_SR-MGN-BE107,4,110_H_SR-MGN-BE107,1357.7917811382001
SR-MGN-BE107_39,-1,089_PH2_SR-MGN-BE107,1,250_P_SR-MGN-BE107,2,110_H_SR-MGN-BE107,640.9888191702
SR-MGN-BE107_4,-1,057_CH4_SR-MGN-BE107,1,160_C_SR-MGN-BE107,4,110_H_SR-MGN-BE107,1758.7027002402
SR-MGN-BE107_40,-1,090_PH3_SR-MGN-BE107,1,250_P_SR-MGN-BE107,3,110_H_SR-MGN-BE107,1013.6577813857999
SR-MGN-BE107_41,-1,072_H2S_SR-MGN-BE107,1,260_S_SR-MGN-BE107,2,110_H_SR-MGN-BE107,767.1363841259999
SR-MGN-BE107_42,-1,078_HCl_SR-MGN-BE107,1,270_Cl_SR-MGN-BE107,1,110_H_SR-MGN-BE107,446.26560940260003
SR-MGN-BE107_43,-1,005_C2H2_SR-MGN-BE107,2,160_C_SR-MGN-BE107,2,110_H_SR-MGN-BE107,1695.9845414663998
SR-MGN-BE107_44,-1,073_HCN_SR-MGN-BE107,1,160_C_SR-MGN-BE107,1,170_N_SR-MGN-BE107,1,110_H_SR-MGN-BE107,1311.014858571
SR-MGN-BE107_45,-1,074_HCO_SR-MGN-BE107,1,160_C_SR-MGN-BE107,1,180_O_SR-MGN-BE107,1,110_H_SR-MGN-BE107,1167.7963056192
SR-MGN-BE107_46,-1,070_H2CO_SR-MGN-BE107,1,160_C_SR-MGN-BE107,2,110_H_SR-MGN-BE107,1,180_O_SR-MGN-BE107,1566.2804769197999
SR-MGN-BE107_47,-1,052_CH3OH_SR-MGN-BE107,1,160_C_SR-MGN-BE107,1,180_O_SR-MGN-BE107,4,110_H_SR-MGN-BE107,2147.3126361126
SR-MGN-BE107_48,-1,084_NH2NH2_SR-MGN-BE107,2,170_N_SR-MGN-BE107,4,110_H_SR-MGN-BE107,1835.1025916418
SR-MGN-BE107_49,-1,081_HOOH_SR-MGN-BE107,2,110_H_SR-MGN-BE107,2,180_O_SR-MGN-BE107,1123.6971284622
SR-MGN-BE107_5,-1,042_CH3CHCH2_SR-MGN-BE107,3,160_C_SR-MGN-BE107,6,110_H_SR-MGN-BE107,3600.7927922592
SR-MGN-BE107_50,-1,094_Si2_SR-MGN-BE107,2,240_Si_SR-MGN-BE107,316.8125424648
SR-MGN-BE107_51,-1,087_P2_SR-MGN-BE107,2,250_P_SR-MGN-BE107,491.9965335666
SR-MGN-BE107_52,-1,091_S2_SR-MGN-BE107,2,260_S_SR-MGN-BE107,431.4958704036
SR-MGN-BE107_53,-1,061_Cl2_SR-MGN-BE107,2,270_Cl_SR-MGN-BE107,242.964897669
SR-MGN-BE107_54,-1,092_SC_SR-MGN-BE107,1,160_C_SR-MGN-BE107,1,260_S_SR-MGN-BE107,715.9242077874001
SR-MGN-BE107_55,-1,062_ClF_SR-MGN-BE107,1,270_Cl_SR-MGN-BE107,1,190_F_SR-MGN-BE107,257.6088753138
SR-MGN-BE107_56,-1,095_Si2H6_SR-MGN-BE107,2,240_Si_SR-MGN-BE107,6,110_H_SR-MGN-BE107,2238.5657573496
SR-MGN-BE107_57,-1,048_CH3Cl_SR-MGN-BE107,1,160_C_SR-MGN-BE107,1,270_Cl_SR-MGN-BE107,3,110_H_SR-MGN-BE107,1654.8141073284
SR-MGN-BE107_58,-1,053_CH3SH_SR-MGN-BE107,1,160_C_SR-MGN-BE107,1,260_S_SR-MGN-BE107,4,110_H_SR-MGN-BE107,1982.5468836246
SR-MGN-BE107_59,-1,080_HOCl_SR-MGN-BE107,1,180_O_SR-MGN-BE107,1,270_Cl_SR-MGN-BE107,1,110_H_SR-MGN-BE107,691.0712437194
SR-MGN-BE107_6,-1,041_CH3CH3_SR-MGN-BE107,2,160_C_SR-MGN-BE107,6,110_H_SR-MGN-BE107,2982.35568816
SR-MGN-BE107_60,-1,001_BCl3_SR-MGN-BE107,1,150_B_SR-MGN-BE107,3,270_Cl_SR-MGN-BE107,1351.0137955014002
SR-MGN-BE107_61,-1,002_BF3_SR-MGN-BE107,1,150_B_SR-MGN-BE107,3,190_F_SR-MGN-BE107,1965.6016569827998
SR-MGN-BE107_62,-1,003_C2Cl4_SR-MGN-BE107,2,160_C_SR-MGN-BE107,4,270_Cl_SR-MGN-BE107,1950.91567137
SR-MGN-BE107_63,-1,004_C2F4_SR-MGN-BE107,2,160_C_SR-MGN-BE107,4,190_F_SR-MGN-BE107,2465.8826869386003
SR-MGN-BE107_64,-1,012_C3H4_SR-MGN-BE107,3,160_C_SR-MGN-BE107,4,110_H_SR-MGN-BE107,2948.8417312896
SR-MGN-BE107_65,-1,019_C4H4O_SR-MGN-BE107,4,160_C_SR-MGN-BE107,1,180_O_SR-MGN-BE107,4,110_H_SR-MGN-BE107,4157.8087335966
SR-MGN-BE107_66,-1,020_C4H4S_SR-MGN-BE107,4,160_C_SR-MGN-BE107,1,260_S_SR-MGN-BE107,4,110_H_SR-MGN-BE107,4028.0629236318
SR-MGN-BE107_67,-1,021_C4H5N_SR-MGN-BE107,4,160_C_SR-MGN-BE107,1,170_N_SR-MGN-BE107,5,110_H_SR-MGN-BE107,4483.449513086401
SR-MGN-BE107_68,-1,025_C4H6_trans-1_3-butadiene_SR-MGN-BE107,4,160_C_SR-MGN-BE107,6,110_H_SR-MGN-BE107,4235.756618619
SR-MGN-BE107_69,-1,022_C4H6_2-butyne_SR-MGN-BE107,4,160_C_SR-MGN-BE107,6,110_H_SR-MGN-BE107,4201.2804167316
SR-MGN-BE107_7,-1,007_C2H5_SR-MGN-BE107,2,160_C_SR-MGN-BE107,5,110_H_SR-MGN-BE107,2526.0903445248
SR-MGN-BE107_70,-1,028_C5H5N_SR-MGN-BE107,5,160_C_SR-MGN-BE107,1,170_N_SR-MGN-BE107,5,110_H_SR-MGN-BE107,5178.495760777801
SR-MGN-BE107_71,-1,031_CCH_SR-MGN-BE107,2,160_C_SR-MGN-BE107,1,110_H_SR-MGN-BE107,1109.3041484262
SR-MGN-BE107_72,-1,032_CCl4_SR-MGN-BE107,1,160_C_SR-MGN-BE107,4,270_Cl_SR-MGN-BE107,1308.5043573834
SR-MGN-BE107_73,-1,033_CF3CN_SR-MGN-BE107,2,160_C_SR-MGN-BE107,3,190_F_SR-MGN-BE107,1,170_N_SR-MGN-BE107,2677.1328815166
SR-MGN-BE107_74,-1,034_CF4_SR-MGN-BE107,1,160_C_SR-MGN-BE107,4,190_F_SR-MGN-BE107,1992.9231142704
SR-MGN-BE107_75,-1,044_CH3CN_SR-MGN-BE107,2,160_C_SR-MGN-BE107,1,170_N_SR-MGN-BE107,3,110_H_SR-MGN-BE107,2576.6750268414003
SR-MGN-BE107_76,-1,049_CH3NH2_SR-MGN-BE107,1,160_C_SR-MGN-BE107,1,170_N_SR-MGN-BE107,5,110_H_SR-MGN-BE107,2436.0087204954
SR-MGN-BE107_77,-1,050_CH3NO2_SR-MGN-BE107,1,160_C_SR-MGN-BE107,1,170_N_SR-MGN-BE107,2,180_O_SR-MGN-BE107,3,110_H_SR-MGN-BE107,2515.7141138790003
SR-MGN-BE107_78,-1,058_CHCl3_SR-MGN-BE107,1,160_C_SR-MGN-BE107,3,270_Cl_SR-MGN-BE107,1,110_H_SR-MGN-BE107,1435.8654275147999
SR-MGN-BE107_79,-1,059_CHF3_SR-MGN-BE107,1,160_C_SR-MGN-BE107,3,190_F_SR-MGN-BE107,1,110_H_SR-MGN-BE107,1914.1802284536
SR-MGN-BE107_8,-1,036_CH2CH2_SR-MGN-BE107,2,160_C_SR-MGN-BE107,4,110_H_SR-MGN-BE107,2357.726084478
SR-MGN-BE107_80,-1,063_ClF3_SR-MGN-BE107,1,270_Cl_SR-MGN-BE107,3,190_F_SR-MGN-BE107,524.3807386476
SR-MGN-BE107_81,-1,068_H2_SR-MGN-BE107,2,110_H_SR-MGN-BE107,458.10634283279995
SR-MGN-BE107_82,-1,076_HCOOCH3_SR-MGN-BE107,2,160_C_SR-MGN-BE107,2,180_O_SR-MGN-BE107,4,110_H_SR-MGN-BE107,3285.5282434152004
SR-MGN-BE107_83,-1,077_HCOOH_SR-MGN-BE107,1,160_C_SR-MGN-BE107,2,180_O_SR-MGN-BE107,2,110_H_SR-MGN-BE107,2096.1007223238
SR-MGN-BE107_84,-1,088_PF3_SR-MGN-BE107,1,250_P_SR-MGN-BE107,3,190_F_SR-MGN-BE107,1522.4322973716003
SR-MGN-BE107_85,-1,093_SH_SR-MGN-BE107,1,260_S_SR-MGN-BE107,1,110_H_SR-MGN-BE107,363.9244785768
SR-MGN-BE107_86,-1,096_SiCl4_SR-MGN-BE107,1,240_Si_SR-MGN-BE107,4,270_Cl_SR-MGN-BE107,1610.5891688172
SR-MGN-BE107_87,-1,097_SiF4_SR-MGN-BE107,1,240_Si_SR-MGN-BE107,4,190_F_SR-MGN-BE107,2403.0807747786
SR-MGN-BE107_88,-1,023_C4H6_bicyclobutane_SR-MGN-BE107,4,160_C_SR-MGN-BE107,6,110_H_SR-MGN-BE107,4130.445268341
SR-MGN-BE107_89,-1,024_C4H6_cyclobutene_SR-MGN-BE107,4,160_C_SR-MGN-BE107,6,110_H_SR-MGN-BE107,4190.7366793134
SR-MGN-BE107_9,-1,056_CH3_3_C_SR-MGN-BE107,4,160_C_SR-MGN-BE107,9,110_H_SR-MGN-BE107,5018.0392381572
SR-MGN-BE107_90,-1,075_HCOCOH_SR-MGN-BE107,2,160_C_SR-MGN-BE107,2,180_O_SR-MGN-BE107,2,110_H_SR-MGN-BE107,2649.9366604836
SR-MGN-BE107_91,-1,043_CH3CHO_SR-MGN-BE107,2,160_C_SR-MGN-BE107,1,180_O_SR-MGN-BE107,4,110_H_SR-MGN-BE107,2832.6939005664
SR-MGN-BE107_92,-1,006_C2H4O_SR-MGN-BE107,2,160_C_SR-MGN-BE107,1,180_O_SR-MGN-BE107,4,110_H_SR-MGN-BE107,2722.5290546856
SR-MGN-BE107_93,-1,008_C2H5O_SR-MGN-BE107,2,160_C_SR-MGN-BE107,1,180_O_SR-MGN-BE107,5,110_H_SR-MGN-BE107,2923.110013041
SR-MGN-BE107_94,-1,040_CH3CH2OH_SR-MGN-BE107,2,160_C_SR-MGN-BE107,1,180_O_SR-MGN-BE107,6,110_H_SR-MGN-BE107,3390.5465881164
SR-MGN-BE107_95,-1,013_C3H4_allene_SR-MGN-BE107,3,160_C_SR-MGN-BE107,4,110_H_SR-MGN-BE107,2942.1892444572004
SR-MGN-BE107_96,-1,014_C3H4_cyclopropene_SR-MGN-BE107,3,160_C_SR-MGN-BE107,4,110_H_SR-MGN-BE107,2856.5846196174
SR-MGN-BE107_97,-1,047_CH3COOH_SR-MGN-BE107,2,160_C_SR-MGN-BE107,2,180_O_SR-MGN-BE107,4,110_H_SR-MGN-BE107,3359.9198913966
SR-MGN-BE107_98,-1,015_C3H6_cyclopropane_SR-MGN-BE107,3,160_C_SR-MGN-BE107,6,110_H_SR-MGN-BE107,3570.6678282072003
SR-MGN-BE107_99,-1,009_C2H5OCH3_SR-MGN-BE107,3,160_C_SR-MGN-BE107,1,180_O_SR-MGN-BE107,8,110_H_SR-MGN-BE107,4581.9826151778
SR-TM-BE17_1,-1,14_CrCl2_SR-TM-BE17,1,15_Cr_mrbe5_SR-TM-BE17,2,08_Cl_SR-TM-BE17,757.8476347518
SR-TM-BE17_10,-1,19_CuAg_SR-TM-BE17,1,17_Cu_SR-TM-BE17,1,01_Ag_SR-TM-BE17,170.2887500808
SR-TM-BE17_11,-1,20_CuH2O+_SR-TM-BE17,1,16_Cu+_SR-TM-BE17,1,27_H2O_SR-TM-BE17,162.33900468660002
SR-TM-BE17_12,-1,24_FeH_SR-TM-BE17,1,25_Fe_def2_SR-TM-BE17,1,26_H_SR-TM-BE17,154.3895218422
SR-TM-BE17_13,-1,34_VCO+_SR-TM-BE17,1,33_V+_SR-TM-BE17,1,07_CO_SR-TM-BE17,117.988567371
SR-TM-BE17_14,-1,36_Zr2_SR-TM-BE17,2,35_Zr_SR-TM-BE17,296.227062846
SR-TM-BE17_15,-1,31_Pd_PH3_2-C6H8_SR-TM-BE17,1,32_Pd_PH3_2_SR-TM-BE17,2,05_C6H8_SR-TM-BE17,67.78064401740001
SR-TM-BE17_16,-1,30_Pd_PH3_2-C10H12_b_SR-TM-BE17,1,32_Pd_PH3_2_SR-TM-BE17,2,04_C10H12_SR-TM-BE17,72.38314201140001
SR-TM-BE17_17,-1,22_FeCl_SR-TM-BE17,1,25_Fe_def2_SR-TM-BE17,1,08_Cl_SR-TM-BE17,328.4437611546
SR-TM-BE17_2,-1,29_MnF2_SR-TM-BE17,1,28_Mn_SR-TM-BE17,2,21_F_SR-TM-BE17,971.77557474
SR-TM-BE17_3,-1,23_FeCl2_SR-TM-BE17,1,25_Fe_def2_SR-TM-BE17,2,08_Cl_SR-TM-BE17,796.1730792569999
SR-TM-BE17_4,-1,09_CoCl2_SR-TM-BE17,1,11_Co_atm_SR-TM-BE17,2,08_Cl_SR-TM-BE17,765.2533769604
SR-TM-BE17_5,-1,02_Ag2_SR-TM-BE17,2,01_Ag_SR-TM-BE17,160.24700788020002
SR-TM-BE17_6,-1,03_AgH_SR-TM-BE17,1,01_Ag_SR-TM-BE17,1,26_H_SR-TM-BE17,225.93591764100003
SR-TM-BE17_7,-1,10_CoH_SR-TM-BE17,1,11_Co_atm_SR-TM-BE17,1,26_H_SR-TM-BE17,190.37170938239998
SR-TM-BE17_8,-1,13_CrCH3+_SR-TM-BE17,1,12_Cr+_SR-TM-BE17,1,06_CH3_SR-TM-BE17,120.4990685586
SR-TM-BE17_9,-1,18_Cu2_SR-TM-BE17,2,17_Cu_SR-TM-BE17,197.484708564
pEE5_1,-1,08_F_gs_pEE5,1,07_F_es_pEE5,1225.3986815399999
pEE5_2,-1,04_Ar_gs_pEE5,1,03_Ar_es_pEE5,1121.82278544
pEE5_3,-1,06_C+_gs_pEE5,1,05_C+_es_pEE5,514.3088032200001
pEE5_4,-1,02_Al_gs_pEE5,1,01_Al_es_pEE5,347.19585552
pEE5_5,-1,10_Si+_gs_pEE5,1,09_Si+_es_pEE5,527.17374342
pTC13_1,-1,21_pie1_pTC13,1,22_pie2_pTC13,-5.7760956000000006
pTC13_10,-1,16_SB-4H_pTC13,1,15_SB-4_pTC13,946.2294792
pTC13_11,-1,18_SB-6H_pTC13,1,17_SB-6_pTC13,976.685256
pTC13_12,-1,20_SB-8H_pTC13,1,19_SB-8_pTC13,996.376491
pTC13_13,-1,12_SB-10H_pTC13,1,11_SB-10_pTC13,1008.191232
pTC13_2,-1,23_pie3_pTC13,1,24_pie4_pTC13,-36.756972000000005
pTC13_3,-1,25_pie5_pTC13,1,26_pie6_pTC13,-59.8613544
pTC13_4,-1,04_P-2H_pTC13,1,03_P-2_pTC13,702.0581652000001
pTC13_5,-1,06_P-4H_pTC13,1,05_P-4_pTC13,809.4410334
pTC13_6,-1,08_P-6H_pTC13,1,07_P-6_pTC13,877.1788818
pTC13_7,-1,10_P-8H_pTC13,1,09_P-8_pTC13,919.1868498000001
pTC13_8,-1,02_P-10H_pTC13,1,01_P-10_pTC13,945.4418297999999
pTC13_9,-1,14_SB-2H_pTC13,1,13_SB-2_pTC13,897.3952164
