TAE_W4-17_1,-1,W4-17_acetaldehyde,2,W4-17_c,1,W4-17_o,4,W4-17_h,677.85
TAE_W4-17_2,-1,W4-17_acetic,2,W4-17_c,2,W4-17_o,4,W4-17_h,803.97
TAE_W4-17_3,-1,W4-17_alcl,1,W4-17_al,1,W4-17_cl,122.62
TAE_W4-17_4,-1,W4-17_alcl3,1,W4-17_al,3,W4-17_cl,312.64
TAE_W4-17_5,-1,W4-17_alf,1,W4-17_al,1,W4-17_f,163.79
TAE_W4-17_6,-1,W4-17_alf3,1,W4-17_al,3,W4-17_f,430.96
TAE_W4-17_7,-1,W4-17_alh,1,W4-17_al,1,W4-17_h,73.58
TAE_W4-17_8,-1,W4-17_alh3,1,W4-17_al,3,W4-17_h,213.17
TAE_W4-17_9,-1,W4-17_allene,3,W4-17_c,4,W4-17_h,704.07
TAE_W4-17_10,-1,W4-17_allyl,3,W4-17_c,5,W4-17_h,766.86
TAE_W4-17_11,-1,W4-17_b2,2,W4-17_b,67.47
TAE_W4-17_12,-1,W4-17_b2h6,2,W4-17_b,6,W4-17_h,607.02
TAE_W4-17_13,-1,W4-17_be2,2,W4-17_be,2.67
TAE_W4-17_14,-1,W4-17_becl2,1,W4-17_be,2,W4-17_cl,225.27
TAE_W4-17_15,-1,W4-17_bef2,1,W4-17_be,2,W4-17_f,309.10
TAE_W4-17_16,-1,W4-17_benzene,6,W4-17_c,6,W4-17_h,1368.80
TAE_W4-17_17,-1,W4-17_beta-lactim,3,W4-17_c,5,W4-17_h,1,W4-17_o,1,W4-17_n,993.86
TAE_W4-17_18,-1,W4-17_bf,1,W4-17_b,1,W4-17_f,182.53
TAE_W4-17_19,-1,W4-17_bf3,1,W4-17_b,3,W4-17_f,470.96
TAE_W4-17_20,-1,W4-17_bh,1,W4-17_b,1,W4-17_h,84.98
TAE_W4-17_21,-1,W4-17_bh3,1,W4-17_b,3,W4-17_h,281.28
TAE_W4-17_22,-1,W4-17_bhf2,1,W4-17_b,1,W4-17_h,2,W4-17_f,410.96
TAE_W4-17_23,-1,W4-17_bn,1,W4-17_b,1,W4-17_n,105.24
TAE_W4-17_24,-1,W4-17_bn3pi,1,W4-17_b,1,W4-17_n,105.81
TAE_W4-17_25,-1,W4-17_borole,4,W4-17_c,5,W4-17_h,1,W4-17_b,1057.67
TAE_W4-17_26,-1,W4-17_c-hcoh,1,W4-17_c,1,W4-17_o,2,W4-17_h,317.64
TAE_W4-17_27,-1,W4-17_c-hono,1,W4-17_h,1,W4-17_n,2,W4-17_o,312.17
TAE_W4-17_28,-1,W4-17_c-hooo,1,W4-17_h,3,W4-17_o,233.07
TAE_W4-17_29,-1,W4-17_c-n2h2,2,W4-17_h,2,W4-17_n,291.08
TAE_W4-17_30,-1,W4-17_c2,2,W4-17_c,147.03
TAE_W4-17_31,-1,W4-17_c2cl2,2,W4-17_c,2,W4-17_cl,350.59
TAE_W4-17_32,-1,W4-17_c2cl4,2,W4-17_c,4,W4-17_cl,471.76
TAE_W4-17_33,-1,W4-17_c2cl6,2,W4-17_c,6,W4-17_cl,561.31
TAE_W4-17_34,-1,W4-17_c2clh,2,W4-17_c,1,W4-17_h,1,W4-17_cl,378.52
TAE_W4-17_35,-1,W4-17_c2clh3,2,W4-17_c,3,W4-17_h,1,W4-17_cl,544.32
TAE_W4-17_36,-1,W4-17_c2clh5,2,W4-17_c,5,W4-17_h,1,W4-17_cl,692.91
TAE_W4-17_37,-1,W4-17_c2f4,2,W4-17_c,4,W4-17_f,590.07
TAE_W4-17_38,-1,W4-17_c2f6,2,W4-17_c,6,W4-17_f,791.94
TAE_W4-17_39,-1,W4-17_c2h2,2,W4-17_c,2,W4-17_h,405.54
TAE_W4-17_40,-1,W4-17_c2h3f,2,W4-17_c,1,W4-17_f,3,W4-17_h,573.87
TAE_W4-17_41,-1,W4-17_c2h4,2,W4-17_c,4,W4-17_h,564.10
TAE_W4-17_42,-1,W4-17_c2h5f,2,W4-17_c,5,W4-17_h,1,W4-17_f,721.48
TAE_W4-17_43,-1,W4-17_c2h6,2,W4-17_c,6,W4-17_h,713.04
TAE_W4-17_44,-1,W4-17_cch,2,W4-17_c,1,W4-17_h,266.17
TAE_W4-17_45,-1,W4-17_ccl2,1,W4-17_c,2,W4-17_cl,177.32
TAE_W4-17_46,-1,W4-17_ccl2h2,1,W4-17_c,2,W4-17_cl,2,W4-17_h,371.70
TAE_W4-17_47,-1,W4-17_ccl2o,1,W4-17_c,2,W4-17_cl,1,W4-17_o,347.09
TAE_W4-17_48,-1,W4-17_ccl3h,1,W4-17_c,3,W4-17_cl,1,W4-17_h,345.42
TAE_W4-17_49,-1,W4-17_ccl4,1,W4-17_c,4,W4-17_cl,315.42
TAE_W4-17_50,-1,W4-17_cclh3,1,W4-17_c,1,W4-17_cl,3,W4-17_h,396.05
TAE_W4-17_51,-1,W4-17_cf,1,W4-17_c,1,W4-17_f,132.71
TAE_W4-17_52,-1,W4-17_cf2,1,W4-17_c,2,W4-17_f,258.77
TAE_W4-17_53,-1,W4-17_cf2cl2,1,W4-17_c,2,W4-17_cl,2,W4-17_f,392.24
TAE_W4-17_54,-1,W4-17_cf4,1,W4-17_c,4,W4-17_f,478.74
TAE_W4-17_55,-1,W4-17_ch,1,W4-17_c,1,W4-17_h,84.22
TAE_W4-17_56,-1,W4-17_ch2-sing,1,W4-17_c,2,W4-17_h,181.44
TAE_W4-17_57,-1,W4-17_ch2-trip,1,W4-17_c,2,W4-17_h,190.74
TAE_W4-17_58,-1,W4-17_ch2c,2,W4-17_c,2,W4-17_h,359.92
TAE_W4-17_59,-1,W4-17_ch2ch,2,W4-17_c,3,W4-17_h,446.08
TAE_W4-17_60,-1,W4-17_ch2clf,1,W4-17_c,1,W4-17_cl,1,W4-17_f,2,W4-17_h,402.84
TAE_W4-17_61,-1,W4-17_ch2f2,1,W4-17_c,2,W4-17_f,2,W4-17_h,437.94
TAE_W4-17_62,-1,W4-17_ch2nh,1,W4-17_c,1,W4-17_n,3,W4-17_h,439.45
TAE_W4-17_63,-1,W4-17_ch2nh2,1,W4-17_c,1,W4-17_n,4,W4-17_h,482.24
TAE_W4-17_64,-1,W4-17_ch3,1,W4-17_c,3,W4-17_h,307.87
TAE_W4-17_65,-1,W4-17_ch3f,1,W4-17_c,1,W4-17_f,3,W4-17_h,422.96
TAE_W4-17_66,-1,W4-17_ch3nh,1,W4-17_c,1,W4-17_n,4,W4-17_h,474.60
TAE_W4-17_67,-1,W4-17_ch3nh2,1,W4-17_c,1,W4-17_n,5,W4-17_h,582.26
TAE_W4-17_68,-1,W4-17_ch3ph2,1,W4-17_c,5,W4-17_h,1,W4-17_p,539.30
TAE_W4-17_69,-1,W4-17_ch4,1,W4-17_c,4,W4-17_h,420.44
TAE_W4-17_70,-1,W4-17_chf3,1,W4-17_c,1,W4-17_h,3,W4-17_f,459.56
TAE_W4-17_71,-1,W4-17_cis-c2f2cl2,2,W4-17_c,2,W4-17_cl,2,W4-17_f,529.02
TAE_W4-17_72,-1,W4-17_cl2,2,W4-17_cl,59.75
TAE_W4-17_73,-1,W4-17_cl2o,2,W4-17_cl,1,W4-17_o,101.43
TAE_W4-17_74,-1,W4-17_clcn,1,W4-17_cl,1,W4-17_c,1,W4-17_n,285.42
TAE_W4-17_75,-1,W4-17_clcof,1,W4-17_c,1,W4-17_cl,1,W4-17_f,1,W4-17_o,383.38
TAE_W4-17_76,-1,W4-17_clf,1,W4-17_cl,1,W4-17_f,62.80
TAE_W4-17_77,-1,W4-17_clf3,3,W4-17_f,1,W4-17_cl,128.55
TAE_W4-17_78,-1,W4-17_clf5,5,W4-17_f,1,W4-17_cl,186.79
TAE_W4-17_79,-1,W4-17_clno,1,W4-17_cl,1,W4-17_n,1,W4-17_o,191.96
TAE_W4-17_80,-1,W4-17_clo,1,W4-17_cl,1,W4-17_o,65.44
TAE_W4-17_81,-1,W4-17_clo3,3,W4-17_o,1,W4-17_cl,169.84
TAE_W4-17_82,-1,W4-17_cloo,1,W4-17_cl,2,W4-17_o,126.34
TAE_W4-17_83,-1,W4-17_cloocl,2,W4-17_o,2,W4-17_cl,149.13
TAE_W4-17_84,-1,W4-17_cn,1,W4-17_c,1,W4-17_n,181.36
TAE_W4-17_85,-1,W4-17_co,1,W4-17_c,1,W4-17_o,259.73
TAE_W4-17_86,-1,W4-17_co2,1,W4-17_c,2,W4-17_o,390.14
TAE_W4-17_87,-1,W4-17_cs,1,W4-17_c,1,W4-17_s,172.21
TAE_W4-17_88,-1,W4-17_cs2,1,W4-17_c,2,W4-17_s,280.76
TAE_W4-17_89,-1,W4-17_cyclobutadiene,4,W4-17_c,4,W4-17_h,820.84
TAE_W4-17_90,-1,W4-17_cyclobutane,4,W4-17_c,8,W4-17_h,1150.40
TAE_W4-17_91,-1,W4-17_cyclobutene,4,W4-17_c,6,W4-17_h,1001.54
TAE_W4-17_92,-1,W4-17_cyclopentadiene,5,W4-17_c,6,W4-17_h,1181.90
TAE_W4-17_93,-1,W4-17_cyclopropane,3,W4-17_c,6,W4-17_h,853.97
TAE_W4-17_94,-1,W4-17_cyclopropene,3,W4-17_c,4,W4-17_h,681.94
TAE_W4-17_95,-1,W4-17_cyclopropyl,3,W4-17_c,5,W4-17_h,737.72
TAE_W4-17_96,-1,W4-17_dioxetan2one,2,W4-17_c,2,W4-17_h,3,W4-17_o,753.12
TAE_W4-17_97,-1,W4-17_dioxetane,2,W4-17_c,4,W4-17_h,2,W4-17_o,750.00
TAE_W4-17_98,-1,W4-17_dioxirane,1,W4-17_c,2,W4-17_o,2,W4-17_h,410.01
TAE_W4-17_99,-1,W4-17_dithiotane,2,W4-17_c,4,W4-17_h,2,W4-17_s,684.39
TAE_W4-17_100,-1,W4-17_ethanol,2,W4-17_c,1,W4-17_o,6,W4-17_h,811.20
TAE_W4-17_101,-1,W4-17_f2,2,W4-17_f,39.05
TAE_W4-17_102,-1,W4-17_f2co,1,W4-17_c,1,W4-17_o,2,W4-17_f,420.61
TAE_W4-17_103,-1,W4-17_f2o,2,W4-17_f,1,W4-17_o,93.78
TAE_W4-17_104,-1,W4-17_fccf,2,W4-17_c,2,W4-17_f,386.06
TAE_W4-17_105,-1,W4-17_fno,1,W4-17_f,1,W4-17_n,1,W4-17_o,215.43
TAE_W4-17_106,-1,W4-17_fo2,1,W4-17_f,2,W4-17_o,134.69
TAE_W4-17_107,-1,W4-17_foof,2,W4-17_f,2,W4-17_o,152.34
TAE_W4-17_108,-1,W4-17_formamide,1,W4-17_c,3,W4-17_h,1,W4-17_o,1,W4-17_n,568.15
TAE_W4-17_109,-1,W4-17_formic,1,W4-17_c,2,W4-17_o,2,W4-17_h,501.87
TAE_W4-17_110,-1,W4-17_formic-anhydride,2,W4-17_c,2,W4-17_h,3,W4-17_o,757.01
TAE_W4-17_111,-1,W4-17_furan,4,W4-17_c,4,W4-17_h,1,W4-17_o,995.13
TAE_W4-17_112,-1,W4-17_glyoxal,2,W4-17_c,2,W4-17_o,2,W4-17_h,635.05
TAE_W4-17_113,-1,W4-17_h2,2,W4-17_h,109.50
TAE_W4-17_114,-1,W4-17_h2ccn,2,W4-17_c,2,W4-17_h,1,W4-17_n,512.65
TAE_W4-17_115,-1,W4-17_h2cn,2,W4-17_h,1,W4-17_c,1,W4-17_n,343.71
TAE_W4-17_116,-1,W4-17_h2co,2,W4-17_h,1,W4-17_c,1,W4-17_o,374.65
TAE_W4-17_117,-1,W4-17_h2no,2,W4-17_h,1,W4-17_n,1,W4-17_o,274.97
TAE_W4-17_118,-1,W4-17_h2o,2,W4-17_h,1,W4-17_o,232.98
TAE_W4-17_119,-1,W4-17_h2s,2,W4-17_h,1,W4-17_s,183.91
TAE_W4-17_120,-1,W4-17_hccf,2,W4-17_c,1,W4-17_f,1,W4-17_h,398.45
TAE_W4-17_121,-1,W4-17_hcl,1,W4-17_h,1,W4-17_cl,107.49
TAE_W4-17_122,-1,W4-17_hclo4,1,W4-17_h,1,W4-17_cl,4,W4-17_o,335.41
TAE_W4-17_123,-1,W4-17_hcn,1,W4-17_h,1,W4-17_c,1,W4-17_n,313.42
TAE_W4-17_124,-1,W4-17_hcnh,1,W4-17_c,1,W4-17_n,2,W4-17_h,336.21
TAE_W4-17_125,-1,W4-17_hcno,1,W4-17_c,1,W4-17_o,1,W4-17_n,1,W4-17_h,364.91
TAE_W4-17_126,-1,W4-17_hco,1,W4-17_h,1,W4-17_c,1,W4-17_o,279.4299999
TAE_W4-17_127,-1,W4-17_hcof,1,W4-17_c,1,W4-17_o,1,W4-17_f,1,W4-17_h,403.72
TAE_W4-17_128,-1,W4-17_hf,1,W4-17_h,1,W4-17_f,141.64
TAE_W4-17_129,-1,W4-17_hnc,1,W4-17_h,1,W4-17_c,1,W4-17_n,298.18
TAE_W4-17_130,-1,W4-17_hnco,1,W4-17_c,1,W4-17_o,1,W4-17_n,1,W4-17_h,434.68
TAE_W4-17_131,-1,W4-17_hnnn,1,W4-17_h,3,W4-17_n,331.72
TAE_W4-17_132,-1,W4-17_hno,1,W4-17_h,1,W4-17_n,1,W4-17_o,205.90
TAE_W4-17_133,-1,W4-17_hocl,1,W4-17_h,1,W4-17_o,1,W4-17_cl,166.23
TAE_W4-17_134,-1,W4-17_hoclo,1,W4-17_h,2,W4-17_o,1,W4-17_cl,204.29
TAE_W4-17_135,-1,W4-17_hoclo2,1,W4-17_h,3,W4-17_o,1,W4-17_cl,273.18
TAE_W4-17_136,-1,W4-17_hocn,1,W4-17_c,1,W4-17_o,1,W4-17_n,1,W4-17_h,410.02
TAE_W4-17_137,-1,W4-17_hof,1,W4-17_h,1,W4-17_o,1,W4-17_f,158.66
TAE_W4-17_138,-1,W4-17_honc,1,W4-17_c,1,W4-17_o,1,W4-17_n,1,W4-17_h,350.11
TAE_W4-17_139,-1,W4-17_hoo,1,W4-17_h,2,W4-17_o,175.54
TAE_W4-17_140,-1,W4-17_hooh,2,W4-17_h,2,W4-17_o,269.08
TAE_W4-17_141,-1,W4-17_hs,1,W4-17_h,1,W4-17_s,87.73
TAE_W4-17_142,-1,W4-17_ketene,2,W4-17_c,1,W4-17_o,2,W4-17_h,533.44
TAE_W4-17_143,-1,W4-17_methanol,1,W4-17_c,1,W4-17_o,4,W4-17_h,513.47
TAE_W4-17_144,-1,W4-17_n-butane,4,W4-17_c,10,W4-17_h,1302.63
TAE_W4-17_145,-1,W4-17_n-pentane,5,W4-17_c,12,W4-17_h,1597.31
TAE_W4-17_146,-1,W4-17_n2,2,W4-17_n,228.48
TAE_W4-17_147,-1,W4-17_n2h,2,W4-17_n,1,W4-17_h,224.82
TAE_W4-17_148,-1,W4-17_n2h4,4,W4-17_h,2,W4-17_n,438.24
TAE_W4-17_149,-1,W4-17_n2o,2,W4-17_n,1,W4-17_o,270.85
TAE_W4-17_150,-1,W4-17_n2o4,2,W4-17_n,4,W4-17_o,471.67
TAE_W4-17_151,-1,W4-17_nccn,2,W4-17_n,2,W4-17_c,501.96
TAE_W4-17_152,-1,W4-17_nh,1,W4-17_n,1,W4-17_h,83.09
TAE_W4-17_153,-1,W4-17_nh2,1,W4-17_n,2,W4-17_h,182.58
TAE_W4-17_154,-1,W4-17_nh2cl,1,W4-17_n,1,W4-17_cl,2,W4-17_h,248.04
TAE_W4-17_155,-1,W4-17_nh2f,1,W4-17_n,2,W4-17_h,1,W4-17_f,256.47
TAE_W4-17_156,-1,W4-17_nh2oh,1,W4-17_n,3,W4-17_h,1,W4-17_o,359.72
TAE_W4-17_157,-1,W4-17_nh3,1,W4-17_n,3,W4-17_h,298.01
TAE_W4-17_158,-1,W4-17_no,1,W4-17_n,1,W4-17_o,152.75
TAE_W4-17_159,-1,W4-17_no2,1,W4-17_n,2,W4-17_o,227.87
TAE_W4-17_160,-1,W4-17_o2,2,W4-17_o,120.82
TAE_W4-17_161,-1,W4-17_o3,3,W4-17_o,147.43
TAE_W4-17_162,-1,W4-17_oclo,2,W4-17_o,1,W4-17_cl,128.09
TAE_W4-17_163,-1,W4-17_ocs,1,W4-17_o,1,W4-17_c,1,W4-17_s,335.73
TAE_W4-17_164,-1,W4-17_of,1,W4-17_o,1,W4-17_f,53.07
TAE_W4-17_165,-1,W4-17_oh,1,W4-17_o,1,W4-17_h,107.20
TAE_W4-17_166,-1,W4-17_oxadiazole,2,W4-17_c,2,W4-17_h,2,W4-17_n,1,W4-17_o,706.07
TAE_W4-17_167,-1,W4-17_oxetane,3,W4-17_c,6,W4-17_h,1,W4-17_o,948.14
TAE_W4-17_168,-1,W4-17_oxirane,2,W4-17_c,1,W4-17_o,4,W4-17_h,651.49
TAE_W4-17_169,-1,W4-17_oxirene,2,W4-17_c,1,W4-17_o,2,W4-17_h,456.03
TAE_W4-17_170,-1,W4-17_p2,2,W4-17_p,117.61
TAE_W4-17_171,-1,W4-17_p4,4,W4-17_p,290.57
TAE_W4-17_172,-1,W4-17_pf3,1,W4-17_p,3,W4-17_f,365.60
TAE_W4-17_173,-1,W4-17_pf5,1,W4-17_p,5,W4-17_f,561.56
TAE_W4-17_174,-1,W4-17_ph3,1,W4-17_p,3,W4-17_h,242.27
TAE_W4-17_175,-1,W4-17_propane,3,W4-17_c,8,W4-17_h,1007.89
TAE_W4-17_176,-1,W4-17_propene,3,W4-17_c,6,W4-17_h,861.55
TAE_W4-17_177,-1,W4-17_propyne,3,W4-17_c,4,W4-17_h,705.57
TAE_W4-17_178,-1,W4-17_pyrrole,4,W4-17_c,5,W4-17_h,1,W4-17_n,1072.80
TAE_W4-17_179,-1,W4-17_s2,2,W4-17_s,104.25
TAE_W4-17_180,-1,W4-17_s2o,2,W4-17_s,1,W4-17_o,208.7499997
TAE_W4-17_181,-1,W4-17_s3,3,W4-17_s,168.35
TAE_W4-17_182,-1,W4-17_s4-c2v,4,W4-17_s,234.33
TAE_W4-17_183,-1,W4-17_sf6,1,W4-17_s,6,W4-17_f,485.42
TAE_W4-17_184,-1,W4-17_si2h6,2,W4-17_si,6,W4-17_h,535.88
TAE_W4-17_185,-1,W4-17_sif,1,W4-17_si,1,W4-17_f,142.72
TAE_W4-17_186,-1,W4-17_sif4,1,W4-17_si,4,W4-17_f,577.76
TAE_W4-17_187,-1,W4-17_sih,1,W4-17_si,1,W4-17_h,73.93
TAE_W4-17_188,-1,W4-17_sih3f,1,W4-17_si,3,W4-17_h,1,W4-17_f,382.74
TAE_W4-17_189,-1,W4-17_sih4,1,W4-17_si,4,W4-17_h,324.95
TAE_W4-17_190,-1,W4-17_silole,4,W4-17_c,6,W4-17_h,1,W4-17_si,1100.90
TAE_W4-17_191,-1,W4-17_sio,1,W4-17_si,1,W4-17_o,193.04
TAE_W4-17_192,-1,W4-17_so,1,W4-17_s,1,W4-17_o,126.47
TAE_W4-17_193,-1,W4-17_so2,1,W4-17_s,2,W4-17_o,260.58
TAE_W4-17_194,-1,W4-17_so3,1,W4-17_s,3,W4-17_o,346.89
TAE_W4-17_195,-1,W4-17_ssh,2,W4-17_s,1,W4-17_h,165.14
TAE_W4-17_196,-1,W4-17_t-butadiene,4,W4-17_c,6,W4-17_h,1013.07
TAE_W4-17_197,-1,W4-17_t-hcoh,1,W4-17_c,1,W4-17_o,2,W4-17_h,322.46
TAE_W4-17_198,-1,W4-17_t-hono,1,W4-17_h,1,W4-17_n,2,W4-17_o,312.61
TAE_W4-17_199,-1,W4-17_t-hooo,1,W4-17_h,3,W4-17_o,233.27
TAE_W4-17_200,-1,W4-17_t-n2h2,2,W4-17_h,2,W4-17_n,296.49
TAE_W4-17_201,-1,W4-17_tetrahedrane,4,W4-17_c,4,W4-17_h,793.49
TAE_W4-17_202,-1,W4-17_thiophene,4,W4-17_c,4,W4-17_h,1,W4-17_s,964.99
TAE_W4-17_203,-1,W4-17_trans-c2f2cl2,2,W4-17_c,2,W4-17_f,2,W4-17_cl,529.39
BDE99_1,1,W4-17_foof,-1,W4-17_f,-1,W4-17_fo2,-17.65
BDE99_2,1,W4-17_foof,-2,W4-17_of,-46.22
BDE99_3,1,W4-17_oclo,-1,W4-17_o,-1,W4-17_clo,-62.67
BDE99_4,1,W4-17_cloo,-1,W4-17_clo,-1,W4-17_o,-60.94
BDE99_5,1,W4-17_cloo,-1,W4-17_cl,-1,W4-17_o2,-5.56
BDE99_6,1,W4-17_fo2,-1,W4-17_of,-1,W4-17_o,-81.65
BDE99_7,1,W4-17_fo2,-1,W4-17_f,-1,W4-17_o2,-13.90
BDE99_8,1,W4-17_cl2o,-1,W4-17_clo,-1,W4-17_cl,-36.01
BDE99_9,1,W4-17_f2o,-1,W4-17_of,-1,W4-17_f,-40.70
BDE99_10,1,W4-17_hocl,-1,W4-17_h,-1,W4-17_clo,-100.78
BDE99_11,1,W4-17_hocl,-1,W4-17_oh,-1,W4-17_cl,-59.02
BDE99_12,1,W4-17_hof,-1,W4-17_h,-1,W4-17_of,-105.58
BDE99_13,1,W4-17_hof,-1,W4-17_oh,-1,W4-17_f,-51.45
BDE99_14,1,W4-17_no2,-1,W4-17_no,-1,W4-17_o,-75.14
BDE99_15,1,W4-17_n2o,-1,W4-17_no,-1,W4-17_n,-118.10
BDE99_16,1,W4-17_n2o,-1,W4-17_n2,-1,W4-17_o,-42.36
BDE99_17,1,W4-17_t-hono,-1,W4-17_h,-1,W4-17_no2,-84.77
BDE99_18,1,W4-17_t-hono,-1,W4-17_oh,-1,W4-17_no,-52.70
BDE99_19,1,W4-17_hnc,-1,W4-17_h,-1,W4-17_cn,-116.85
BDE99_20,1,W4-17_hnc,-1,W4-17_nh,-1,W4-17_c,-215.11
BDE99_21,1,W4-17_honc,-1,W4-17_oh,-1,W4-17_cn,-61.59
BDE99_22,1,W4-17_hnco,-1,W4-17_nh,-1,W4-17_co,-91.91
BDE99_23,1,W4-17_hcno,-1,W4-17_ch,-1,W4-17_no,-128.01
BDE99_24,1,W4-17_hno,-1,W4-17_h,-1,W4-17_no,-53.14
BDE99_25,1,W4-17_hno,-1,W4-17_nh,-1,W4-17_o,-122.79
BDE99_26,1,W4-17_methanol,-1,W4-17_ch3,-1,W4-17_oh,-98.42
BDE99_27,1,W4-17_t-hcoh,-1,W4-17_ch,-1,W4-17_oh,-131.05
BDE99_28,1,W4-17_t-hcoh,-1,W4-17_hco,-1,W4-17_h,-43.05
BDE99_29,1,W4-17_formic,-1,W4-17_hco,-1,W4-17_oh,-115.27
BDE99_30,1,W4-17_ketene,-1,W4-17_ch2c,-1,W4-17_o,-173.53
BDE99_31,1,W4-17_ketene,-1,W4-17_ch2-trip,-1,W4-17_co,-82.99
BDE99_32,1,W4-17_glyoxal,-2,W4-17_hco,-76.26
BDE99_33,1,W4-17_acetaldehyde,-1,W4-17_ch3,-1,W4-17_hco,-90.57
BDE99_34,1,W4-17_f2co,-1,W4-17_cf2,-1,W4-17_o,-161.85
BDE99_35,1,W4-17_hcof,-1,W4-17_hco,-1,W4-17_f,-124.32
BDE99_36,1,W4-17_h2co,-1,W4-17_hco,-1,W4-17_h,-95.24
BDE99_37,1,W4-17_h2co,-1,W4-17_ch2-trip,-1,W4-17_o,-183.91
BDE99_38,1,W4-17_hco,-1,W4-17_h,-1,W4-17_co,-19.69
BDE99_39,1,W4-17_hco,-1,W4-17_ch,-1,W4-17_o,-195.20
BDE99_40,1,W4-17_cs2,-1,W4-17_cs,-1,W4-17_s,-108.56
BDE99_41,1,W4-17_co2,-1,W4-17_co,-1,W4-17_o,-130.41
BDE99_42,1,W4-17_ch2nh2,-1,W4-17_ch2-trip,-1,W4-17_nh2,-108.94
BDE99_43,1,W4-17_ch2nh2,-1,W4-17_ch2nh,-1,W4-17_h,-42.83
BDE99_44,1,W4-17_ch3nh,-1,W4-17_ch3,-1,W4-17_nh,-83.66
BDE99_45,1,W4-17_ch3nh,-1,W4-17_ch2nh,-1,W4-17_h,-35.19
BDE99_46,1,W4-17_ch3nh2,-1,W4-17_ch2nh2,-1,W4-17_h,-100.03
BDE99_47,1,W4-17_ch3nh2,-1,W4-17_ch3nh,-1,W4-17_h,-107.67
BDE99_48,1,W4-17_ch2nh,-1,W4-17_hcnh,-1,W4-17_h,-103.19
BDE99_49,1,W4-17_hcnh,-1,W4-17_nh,-1,W4-17_ch,-168.93
BDE99_50,1,W4-17_hcnh,-1,W4-17_hcn,-1,W4-17_h,-22.83
BDE99_51,1,W4-17_hcn,-1,W4-17_cn,-1,W4-17_h,-132.07
BDE99_52,1,W4-17_hcn,-1,W4-17_ch,-1,W4-17_n,-229.20
BDE99_53,1,W4-17_nccn,-2,W4-17_cn,-139.34
BDE99_54,1,W4-17_h2s,-1,W4-17_hs,-1,W4-17_h,-96.180
BDE99_55,1,W4-17_t-hooo,-1,W4-17_hoo,-1,W4-17_o,-57.760
BDE99_56,1,W4-17_t-hooo,-1,W4-17_oh,-1,W4-17_o2,-5.270
BDE99_57,1,W4-17_t-hooo,-1,W4-17_h,-1,W4-17_o3,-85.870
BDE99_58,1,W4-17_o3,-1,W4-17_o2,-1,W4-17_o,-26.600
BDE99_59,1,W4-17_hooh,-1,W4-17_hoo,-1,W4-17_h,-93.560
BDE99_60,1,W4-17_hooh,-2,W4-17_oh,-54.67
BDE99_61,1,W4-17_ssh,-1,W4-17_hs,-1,W4-17_s,-77.400
BDE99_62,1,W4-17_ssh,-1,W4-17_s2,-1,W4-17_h,-60.880
BDE99_63,1,W4-17_hoo,-1,W4-17_oh,-1,W4-17_o,-68.330
BDE99_64,1,W4-17_hoo,-1,W4-17_o2,-1,W4-17_h,-54.710
BDE99_65,1,W4-17_h2o,-1,W4-17_oh,-1,W4-17_h,-125.770
BDE99_66,1,W4-17_hnnn,-1,W4-17_n2,-1,W4-17_nh,-20.200
BDE99_67,1,W4-17_n2h4,-2,W4-17_nh2,-73.10
BDE99_68,1,W4-17_t-n2h2,-2,W4-17_nh,-130.34
BDE99_69,1,W4-17_n2h,-1,W4-17_nh,-1,W4-17_n,-141.770
BDE99_70,1,W4-17_nh2cl,-1,W4-17_nh2,-1,W4-17_cl,-65.470
BDE99_71,1,W4-17_nh3,-1,W4-17_nh2,-1,W4-17_h,-115.430
BDE99_72,1,W4-17_nh2,-1,W4-17_nh,-1,W4-17_h,-99.500
BDE99_73,1,W4-17_allene,-1,W4-17_ch2c,-1,W4-17_ch2-trip,-153.420
BDE99_74,1,W4-17_propyne,-1,W4-17_cch,-1,W4-17_ch3,-131.570
BDE99_75,1,W4-17_propene,-1,W4-17_ch2ch,-1,W4-17_ch3,-107.630
BDE99_76,1,W4-17_c2h3f,-1,W4-17_ch2ch,-1,W4-17_f,-127.810
BDE99_77,1,W4-17_c2h6,-2,W4-17_ch3,-97.34
BDE99_78,1,W4-17_c2h4,-2,W4-17_ch2-trip,-182.61
BDE99_79,1,W4-17_ch2ch,-1,W4-17_ch2c,-1,W4-17_h,-86.150
BDE99_80,1,W4-17_ch2ch,-1,W4-17_c2h2,-1,W4-17_h,-40.560
BDE99_81,1,W4-17_ch2c,-1,W4-17_ch2-trip,-1,W4-17_c,-169.190
BDE99_82,1,W4-17_hccf,-1,W4-17_cch,-1,W4-17_f,-132.310
BDE99_83,1,W4-17_hccf,-1,W4-17_ch,-1,W4-17_cf,-181.530
BDE99_84,1,W4-17_c2h2,-1,W4-17_cch,-1,W4-17_h,-139.360
BDE99_85,1,W4-17_c2h2,-2,W4-17_ch,-237.08
BDE99_86,1,W4-17_ch3f,-1,W4-17_ch3,-1,W4-17_f,-115.090
BDE99_87,1,W4-17_ch4,-1,W4-17_ch3,-1,W4-17_h,-112.550
BDE99_88,1,W4-17_ch3,-1,W4-17_ch2-trip,-1,W4-17_h,-117.130
BDE99_89,1,W4-17_ch2-trip,-1,W4-17_ch,-1,W4-17_h,-106.520
BDE99_90,1,W4-17_cf2,-1,W4-17_cf,-1,W4-17_f,-126.060
BDE99_91,1,W4-17_clcn,-1,W4-17_cn,-1,W4-17_cl,-104.100
BDE99_92,1,W4-17_b2h6,-2,W4-17_bh3,-44.45
BDE99_93,1,W4-17_s2o,-1,W4-17_s2,-1,W4-17_o,-104.530
BDE99_94,1,W4-17_s2o,-1,W4-17_s,-1,W4-17_so,-82.320
BDE99_95,1,W4-17_so3,-1,W4-17_so2,-1,W4-17_o,-86.320
BDE99_96,1,W4-17_so2,-1,W4-17_so,-1,W4-17_o,-134.160
BDE99_97,1,W4-17_s4-c2v,-1,W4-17_s3,-1,W4-17_s,-65.980
BDE99_98,1,W4-17_s4-c2v,-2,W4-17_s2,-25.85
BDE99_99,1,W4-17_p4,-2,W4-17_p2,-55.39
HAT707_1,1,W4-17_h,1,W4-17_ch3f,-1,W4-17_hf,-1,W4-17_ch3,26.55
HAT707_2,1,W4-17_h,1,W4-17_foof,-1,W4-17_hf,-1,W4-17_fo2,123.99
HAT707_3,1,W4-17_h,1,W4-17_foof,-1,W4-17_oh,-1,W4-17_f2o,48.62
HAT707_4,1,W4-17_h,1,W4-17_fo2,-1,W4-17_oh,-1,W4-17_of,25.56
HAT707_5,1,W4-17_h,1,W4-17_fo2,-1,W4-17_hf,-1,W4-17_o2,127.74
HAT707_6,1,W4-17_h,1,W4-17_oclo,-1,W4-17_oh,-1,W4-17_clo,44.53
HAT707_7,1,W4-17_h,1,W4-17_oclo,-1,W4-17_hcl,-1,W4-17_o2,100.20
HAT707_8,1,W4-17_h,1,W4-17_cl2o,-1,W4-17_hcl,-1,W4-17_clo,71.49
HAT707_9,1,W4-17_h,1,W4-17_cl2o,-1,W4-17_oh,-1,W4-17_cl2,65.50
HAT707_10,1,W4-17_h,1,W4-17_f2o,-1,W4-17_hf,-1,W4-17_of,100.94
HAT707_11,1,W4-17_h,1,W4-17_f2o,-1,W4-17_oh,-1,W4-17_f2,52.47
HAT707_12,1,W4-17_h,1,W4-17_hocl,-1,W4-17_oh,-1,W4-17_hcl,48.48
HAT707_13,1,W4-17_h,1,W4-17_hof,-1,W4-17_oh,-1,W4-17_hf,90.19
HAT707_14,1,W4-17_h,1,W4-17_clo,-1,W4-17_hcl,-1,W4-17_o,42.05
HAT707_15,1,W4-17_h,1,W4-17_clo,-1,W4-17_oh,-1,W4-17_cl,41.76
HAT707_16,1,W4-17_h,1,W4-17_of,-1,W4-17_hf,-1,W4-17_o,88.56
HAT707_17,1,W4-17_h,1,W4-17_of,-1,W4-17_oh,-1,W4-17_f,54.13
HAT707_18,1,W4-17_h,1,W4-17_no2,-1,W4-17_oh,-1,W4-17_no,32.07
HAT707_19,1,W4-17_h,1,W4-17_no2,-1,W4-17_nh,-1,W4-17_o2,-23.96
HAT707_20,1,W4-17_h,1,W4-17_n2o,-1,W4-17_oh,-1,W4-17_n2,64.84
HAT707_21,1,W4-17_h,1,W4-17_n2o,-1,W4-17_nh,-1,W4-17_no,-35.01
HAT707_22,1,W4-17_h,1,W4-17_t-hono,-1,W4-17_oh,-1,W4-17_hno,0.45
HAT707_23,1,W4-17_h,1,W4-17_t-hono,-1,W4-17_nh,-1,W4-17_hoo,-54.02
HAT707_24,1,W4-17_h,1,W4-17_hnco,-1,W4-17_nh,-1,W4-17_hco,-72.22
HAT707_25,1,W4-17_h,1,W4-17_hnco,-1,W4-17_ch,-1,W4-17_hno,-144.63
HAT707_26,1,W4-17_h,1,W4-17_hnco,-1,W4-17_oh,-1,W4-17_hcn,-14.11
HAT707_27,1,W4-17_h,1,W4-17_hno,-1,W4-17_nh,-1,W4-17_oh,-15.59
HAT707_28,1,W4-17_h,1,W4-17_no,-1,W4-17_nh,-1,W4-17_o,-69.65
HAT707_29,1,W4-17_h,1,W4-17_no,-1,W4-17_oh,-1,W4-17_n,-45.54
HAT707_30,1,W4-17_h,1,W4-17_oxirene,-1,W4-17_oh,-1,W4-17_c2h2,56.66
HAT707_31,1,W4-17_h,1,W4-17_oxirane,-1,W4-17_oh,-1,W4-17_c2h4,19.78
HAT707_32,1,W4-17_h,1,W4-17_methanol,-1,W4-17_oh,-1,W4-17_ch4,14.13
HAT707_33,1,W4-17_h,1,W4-17_t-hcoh,-1,W4-17_ch,-1,W4-17_h2o,-5.28
HAT707_34,1,W4-17_h,1,W4-17_t-hcoh,-1,W4-17_oh,-1,W4-17_ch2-trip,-24.52
HAT707_35,1,W4-17_h,1,W4-17_formic,-1,W4-17_oh,-1,W4-17_t-hcoh,-72.21
HAT707_36,1,W4-17_h,1,W4-17_formic,-1,W4-17_h2o,-1,W4-17_hco,10.50
HAT707_37,1,W4-17_h,1,W4-17_formic,-1,W4-17_ch,-1,W4-17_hooh,-148.59
HAT707_38,1,W4-17_h,1,W4-17_ketene,-1,W4-17_oh,-1,W4-17_ch2c,-66.32
HAT707_39,1,W4-17_h,1,W4-17_ketene,-1,W4-17_ch,-1,W4-17_h2co,-74.58
HAT707_40,1,W4-17_h,1,W4-17_glyoxal,-1,W4-17_oh,-1,W4-17_oxirene,-71.82
HAT707_41,1,W4-17_h,1,W4-17_glyoxal,-1,W4-17_ch,-1,W4-17_formic,-48.98
HAT707_42,1,W4-17_h,1,W4-17_acetaldehyde,-1,W4-17_ch,-1,W4-17_methanol,-80.14
HAT707_43,1,W4-17_h,1,W4-17_acetaldehyde,-1,W4-17_oh,-1,W4-17_c2h4,-6.56
HAT707_44,1,W4-17_h,1,W4-17_f2co,-1,W4-17_oh,-1,W4-17_cf2,-54.65
HAT707_45,1,W4-17_h,1,W4-17_f2co,-1,W4-17_ch,-1,W4-17_f2o,-242.64
HAT707_46,1,W4-17_h,1,W4-17_hcof,-1,W4-17_hf,-1,W4-17_hco,17.32
HAT707_47,1,W4-17_h,1,W4-17_h2co,-1,W4-17_oh,-1,W4-17_ch2-trip,-76.71
HAT707_48,1,W4-17_h,1,W4-17_h2co,-1,W4-17_ch,-1,W4-17_h2o,-57.46
HAT707_49,1,W4-17_h,1,W4-17_hco,-1,W4-17_oh,-1,W4-17_ch,-87.99
HAT707_50,1,W4-17_h,1,W4-17_cs2,-1,W4-17_hs,-1,W4-17_cs,-20.83
HAT707_51,1,W4-17_h,1,W4-17_cs2,-1,W4-17_ch,-1,W4-17_s2,-92.31
HAT707_52,1,W4-17_h,1,W4-17_ocs,-1,W4-17_oh,-1,W4-17_cs,-56.32
HAT707_53,1,W4-17_h,1,W4-17_ocs,-1,W4-17_ch,-1,W4-17_so,-125.06
HAT707_54,1,W4-17_h,1,W4-17_ocs,-1,W4-17_hs,-1,W4-17_co,11.71
HAT707_55,1,W4-17_h,1,W4-17_co2,-1,W4-17_oh,-1,W4-17_co,-23.21
HAT707_56,1,W4-17_h,1,W4-17_co2,-1,W4-17_ch,-1,W4-17_o2,-185.10
HAT707_57,1,W4-17_h,1,W4-17_cs,-1,W4-17_ch,-1,W4-17_s,-88.00
HAT707_58,1,W4-17_h,1,W4-17_cs,-1,W4-17_hs,-1,W4-17_c,-84.49
HAT707_59,1,W4-17_h,1,W4-17_sio,-1,W4-17_sih,-1,W4-17_o,-119.13
HAT707_60,1,W4-17_h,1,W4-17_sio,-1,W4-17_oh,-1,W4-17_si,-85.84
HAT707_61,1,W4-17_h,1,W4-17_co,-1,W4-17_ch,-1,W4-17_o,-175.51
HAT707_62,1,W4-17_h,1,W4-17_co,-1,W4-17_oh,-1,W4-17_c,-152.52
HAT707_63,1,W4-17_h,1,W4-17_hcn,-1,W4-17_nh,-1,W4-17_ch,-146.10
HAT707_64,1,W4-17_h,1,W4-17_cn,-1,W4-17_ch,-1,W4-17_n,-97.13
HAT707_65,1,W4-17_h,1,W4-17_cn,-1,W4-17_nh,-1,W4-17_c,-98.25
HAT707_66,1,W4-17_h,1,W4-17_h2s,-1,W4-17_hs,-1,W4-17_h2,13.31
HAT707_67,1,W4-17_h,1,W4-17_alcl,-1,W4-17_alh,-1,W4-17_cl,-49.05
HAT707_68,1,W4-17_h,1,W4-17_alcl,-1,W4-17_hcl,-1,W4-17_al,-15.12
HAT707_69,1,W4-17_h,1,W4-17_alf,-1,W4-17_alh,-1,W4-17_f,-90.21
HAT707_70,1,W4-17_h,1,W4-17_alf,-1,W4-17_hf,-1,W4-17_al,-22.14
HAT707_71,1,W4-17_h,1,W4-17_t-hooo,-1,W4-17_oh,-1,W4-17_hoo,49.44
HAT707_72,1,W4-17_h,1,W4-17_o3,-1,W4-17_oh,-1,W4-17_o2,80.60
HAT707_73,1,W4-17_h,1,W4-17_hooh,-1,W4-17_oh,-1,W4-17_h2o,71.09
HAT707_74,1,W4-17_h,1,W4-17_ssh,-2,W4-17_hs,10.33
HAT707_75,1,W4-17_h,1,W4-17_hoo,-2,W4-17_oh,38.88
HAT707_76,1,W4-17_h,1,W4-17_h2o,-1,W4-17_oh,-1,W4-17_h2,-16.27
HAT707_77,1,W4-17_h,1,W4-17_t-n2h2,-1,W4-17_nh,-1,W4-17_nh2,-30.85
HAT707_78,1,W4-17_h,1,W4-17_propyne,-1,W4-17_ch,-1,W4-17_c2h4,-57.29
HAT707_79,1,W4-17_h,1,W4-17_propene,-1,W4-17_ch,-1,W4-17_c2h6,-64.28
HAT707_80,1,W4-17_h,1,W4-17_c2h3f,-1,W4-17_hf,-1,W4-17_ch2ch,13.83
HAT707_81,1,W4-17_h,1,W4-17_c2h3f,-1,W4-17_ch,-1,W4-17_ch3f,-66.71
HAT707_82,1,W4-17_h,1,W4-17_c2h4,-1,W4-17_ch,-1,W4-17_ch4,-59.46
HAT707_83,1,W4-17_h,1,W4-17_ch2ch,-1,W4-17_ch,-1,W4-17_ch3,-53.99
HAT707_84,1,W4-17_h,1,W4-17_fccf,-1,W4-17_ch,-1,W4-17_cf2,-43.08
HAT707_85,1,W4-17_h,1,W4-17_hccf,-1,W4-17_hf,-1,W4-17_cch,9.33
HAT707_86,1,W4-17_h,1,W4-17_c2h2,-1,W4-17_ch,-1,W4-17_ch2-trip,-130.56
HAT707_87,1,W4-17_h,1,W4-17_ccl2,-1,W4-17_ch,-1,W4-17_cl2,-33.39
HAT707_88,1,W4-17_h,1,W4-17_cf2,-1,W4-17_ch,-1,W4-17_f2,-135.52
HAT707_89,1,W4-17_h,1,W4-17_cf2,-1,W4-17_hf,-1,W4-17_cf,15.58
HAT707_90,1,W4-17_h,1,W4-17_ch2-trip,-1,W4-17_ch,-1,W4-17_h2,2.97
HAT707_91,1,W4-17_h,1,W4-17_sif,-1,W4-17_hf,-1,W4-17_si,-1.07
HAT707_92,1,W4-17_h,1,W4-17_sif,-1,W4-17_sih,-1,W4-17_f,-68.79
HAT707_93,1,W4-17_h,1,W4-17_clcn,-1,W4-17_hcl,-1,W4-17_cn,3.40
HAT707_94,1,W4-17_h,1,W4-17_cf,-1,W4-17_hf,-1,W4-17_c,8.92
HAT707_95,1,W4-17_h,1,W4-17_cf,-1,W4-17_ch,-1,W4-17_f,-48.50
HAT707_96,1,W4-17_h,1,W4-17_bf,-1,W4-17_hf,-1,W4-17_b,-40.88
HAT707_97,1,W4-17_h,1,W4-17_bf,-1,W4-17_bh,-1,W4-17_f,-97.52
HAT707_98,1,W4-17_h,1,W4-17_bn3pi,-1,W4-17_bh,-1,W4-17_n,-20.82
HAT707_99,1,W4-17_h,1,W4-17_bn3pi,-1,W4-17_nh,-1,W4-17_b,-22.72
HAT707_100,1,W4-17_h,1,W4-17_s2o,-1,W4-17_hs,-1,W4-17_so,5.41
HAT707_101,1,W4-17_h,1,W4-17_s2o,-1,W4-17_oh,-1,W4-17_s2,2.68
HAT707_102,1,W4-17_h,1,W4-17_so3,-1,W4-17_oh,-1,W4-17_so2,20.89
HAT707_103,1,W4-17_h,1,W4-17_so3,-1,W4-17_hs,-1,W4-17_o3,-111.78
HAT707_104,1,W4-17_h,1,W4-17_so2,-1,W4-17_oh,-1,W4-17_so,-26.95
HAT707_105,1,W4-17_h,1,W4-17_so2,-1,W4-17_hs,-1,W4-17_o2,-52.07
HAT707_106,1,W4-17_h,1,W4-17_so,-1,W4-17_hs,-1,W4-17_o,-38.73
HAT707_107,1,W4-17_h,1,W4-17_so,-1,W4-17_oh,-1,W4-17_s,-19.26
HAT707_108,1,W4-17_h,1,W4-17_s4-c2v,-1,W4-17_hs,-1,W4-17_s3,21.75
HAT707_109,1,W4-17_h,1,W4-17_s3,-1,W4-17_hs,-1,W4-17_s2,23.62
HAT707_110,1,W4-17_h,1,W4-17_s2,-1,W4-17_hs,-1,W4-17_s,-16.52
HAT707_111,1,W4-17_h,1,W4-17_cl2,-1,W4-17_hcl,-1,W4-17_cl,47.75
HAT707_112,1,W4-17_h,1,W4-17_clf,-1,W4-17_hcl,-1,W4-17_f,44.70
HAT707_113,1,W4-17_h,1,W4-17_clf,-1,W4-17_hf,-1,W4-17_cl,78.84
HAT707_114,1,W4-17_h,1,W4-17_f2,-1,W4-17_hf,-1,W4-17_f,102.60
HAT707_115,1,W4-17_h,1,W4-17_o2,-1,W4-17_oh,-1,W4-17_o,-13.62
HAT707_116,1,W4-17_h,1,W4-17_n2,-1,W4-17_nh,-1,W4-17_n,-145.39
HAT707_117,1,W4-17_h,1,W4-17_b2,-1,W4-17_bh,-1,W4-17_b,17.54
HAT707_118,1,W4-17_c,1,W4-17_ch3f,-1,W4-17_cf,-1,W4-17_ch3,17.63
HAT707_119,1,W4-17_c,1,W4-17_foof,-1,W4-17_cf,-1,W4-17_fo2,115.07
HAT707_120,1,W4-17_c,1,W4-17_foof,-1,W4-17_co,-1,W4-17_f2o,201.14
HAT707_121,1,W4-17_c,1,W4-17_fo2,-1,W4-17_co,-1,W4-17_of,178.08
HAT707_122,1,W4-17_c,1,W4-17_fo2,-1,W4-17_cf,-1,W4-17_o2,118.82
HAT707_123,1,W4-17_c,1,W4-17_oclo,-1,W4-17_co,-1,W4-17_clo,197.05
HAT707_124,1,W4-17_c,1,W4-17_cl2o,-1,W4-17_co,-1,W4-17_cl2,218.02
HAT707_125,1,W4-17_c,1,W4-17_f2o,-1,W4-17_cf,-1,W4-17_of,92.02
HAT707_126,1,W4-17_c,1,W4-17_f2o,-1,W4-17_co,-1,W4-17_f2,204.99
HAT707_127,1,W4-17_c,1,W4-17_hof,-1,W4-17_co,-1,W4-17_hf,242.71
HAT707_128,1,W4-17_c,1,W4-17_clo,-1,W4-17_co,-1,W4-17_cl,194.28
HAT707_129,1,W4-17_c,1,W4-17_of,-1,W4-17_cf,-1,W4-17_o,79.65
HAT707_130,1,W4-17_c,1,W4-17_of,-1,W4-17_co,-1,W4-17_f,206.65
HAT707_131,1,W4-17_c,1,W4-17_no2,-1,W4-17_co,-1,W4-17_no,184.59
HAT707_132,1,W4-17_c,1,W4-17_no2,-1,W4-17_cn,-1,W4-17_o2,74.29
HAT707_133,1,W4-17_c,1,W4-17_n2o,-1,W4-17_co,-1,W4-17_n2,217.36
HAT707_134,1,W4-17_c,1,W4-17_n2o,-1,W4-17_cn,-1,W4-17_no,63.25
HAT707_135,1,W4-17_c,1,W4-17_t-hono,-1,W4-17_co,-1,W4-17_hno,152.97
HAT707_136,1,W4-17_c,1,W4-17_t-hono,-1,W4-17_cn,-1,W4-17_hoo,44.23
HAT707_137,1,W4-17_c,1,W4-17_hnco,-1,W4-17_cn,-1,W4-17_hco,26.04
HAT707_138,1,W4-17_c,1,W4-17_hnco,-1,W4-17_co,-1,W4-17_hcn,138.41
HAT707_139,1,W4-17_c,1,W4-17_hno,-1,W4-17_cn,-1,W4-17_oh,82.67
HAT707_140,1,W4-17_c,1,W4-17_no,-1,W4-17_cn,-1,W4-17_o,28.61
HAT707_141,1,W4-17_c,1,W4-17_no,-1,W4-17_co,-1,W4-17_n,106.98
HAT707_142,1,W4-17_c,1,W4-17_oxirene,-1,W4-17_co,-1,W4-17_c2h2,209.18
HAT707_143,1,W4-17_c,1,W4-17_oxirane,-1,W4-17_co,-1,W4-17_c2h4,172.30
HAT707_144,1,W4-17_c,1,W4-17_methanol,-1,W4-17_co,-1,W4-17_ch4,166.65
HAT707_145,1,W4-17_c,1,W4-17_t-hcoh,-1,W4-17_co,-1,W4-17_ch2-trip,128.00
HAT707_146,1,W4-17_c,1,W4-17_formic,-1,W4-17_co,-1,W4-17_t-hcoh,80.30
HAT707_147,1,W4-17_c,1,W4-17_ketene,-1,W4-17_co,-1,W4-17_ch2c,86.20
HAT707_148,1,W4-17_c,1,W4-17_glyoxal,-1,W4-17_co,-1,W4-17_oxirene,80.70
HAT707_149,1,W4-17_c,1,W4-17_acetaldehyde,-1,W4-17_co,-1,W4-17_c2h4,145.96
HAT707_150,1,W4-17_c,1,W4-17_f2co,-1,W4-17_co,-1,W4-17_cf2,97.87
HAT707_151,1,W4-17_c,1,W4-17_hcof,-1,W4-17_cf,-1,W4-17_hco,8.40
HAT707_152,1,W4-17_c,1,W4-17_h2co,-1,W4-17_co,-1,W4-17_ch2-trip,75.81
HAT707_153,1,W4-17_c,1,W4-17_hco,-1,W4-17_co,-1,W4-17_ch,64.53
HAT707_154,1,W4-17_c,1,W4-17_cs2,-1,W4-17_cs,-1,W4-17_cs,63.66
HAT707_155,1,W4-17_c,1,W4-17_ocs,-1,W4-17_co,-1,W4-17_cs,96.20
HAT707_156,1,W4-17_c,1,W4-17_co2,-1,W4-17_co,-1,W4-17_co,129.31
HAT707_157,1,W4-17_c,1,W4-17_sio,-1,W4-17_co,-1,W4-17_si,66.68
HAT707_158,1,W4-17_c,1,W4-17_hcn,-1,W4-17_cn,-1,W4-17_ch,-47.85
HAT707_159,1,W4-17_c,1,W4-17_h2s,-1,W4-17_cs,-1,W4-17_h2,97.80
HAT707_160,1,W4-17_c,1,W4-17_alf,-1,W4-17_cf,-1,W4-17_al,-31.06
HAT707_161,1,W4-17_c,1,W4-17_o3,-1,W4-17_co,-1,W4-17_o2,233.12
HAT707_162,1,W4-17_c,1,W4-17_hooh,-1,W4-17_co,-1,W4-17_h2o,223.61
HAT707_163,1,W4-17_c,1,W4-17_ssh,-1,W4-17_cs,-1,W4-17_hs,94.82
HAT707_164,1,W4-17_c,1,W4-17_hoo,-1,W4-17_co,-1,W4-17_oh,191.40
HAT707_165,1,W4-17_c,1,W4-17_h2o,-1,W4-17_co,-1,W4-17_h2,136.25
HAT707_166,1,W4-17_c,1,W4-17_t-n2h2,-1,W4-17_cn,-1,W4-17_nh2,67.41
HAT707_167,1,W4-17_c,1,W4-17_c2h3f,-1,W4-17_cf,-1,W4-17_ch2ch,4.91
HAT707_168,1,W4-17_c,1,W4-17_hccf,-1,W4-17_cf,-1,W4-17_cch,0.41
HAT707_169,1,W4-17_c,1,W4-17_cf2,-2,W4-17_cf,6.66
HAT707_170,1,W4-17_c,1,W4-17_sif,-1,W4-17_cf,-1,W4-17_si,-9.99
HAT707_171,1,W4-17_c,1,W4-17_bf,-1,W4-17_cf,-1,W4-17_b,-49.80
HAT707_172,1,W4-17_c,1,W4-17_bn3pi,-1,W4-17_cn,-1,W4-17_b,75.54
HAT707_173,1,W4-17_c,1,W4-17_s2o,-1,W4-17_cs,-1,W4-17_so,89.90
HAT707_174,1,W4-17_c,1,W4-17_s2o,-1,W4-17_co,-1,W4-17_s2,155.20
HAT707_175,1,W4-17_c,1,W4-17_so3,-1,W4-17_co,-1,W4-17_so2,173.40
HAT707_176,1,W4-17_c,1,W4-17_so3,-1,W4-17_cs,-1,W4-17_o3,-27.30
HAT707_177,1,W4-17_c,1,W4-17_so2,-1,W4-17_co,-1,W4-17_so,125.57
HAT707_178,1,W4-17_c,1,W4-17_so2,-1,W4-17_cs,-1,W4-17_o2,32.42
HAT707_179,1,W4-17_c,1,W4-17_so,-1,W4-17_cs,-1,W4-17_o,45.75
HAT707_180,1,W4-17_c,1,W4-17_so,-1,W4-17_co,-1,W4-17_s,133.26
HAT707_181,1,W4-17_c,1,W4-17_s4-c2v,-1,W4-17_cs,-1,W4-17_s3,106.23
HAT707_182,1,W4-17_c,1,W4-17_s3,-1,W4-17_cs,-1,W4-17_s2,108.10
HAT707_183,1,W4-17_c,1,W4-17_s2,-1,W4-17_cs,-1,W4-17_s,67.97
HAT707_184,1,W4-17_c,1,W4-17_clf,-1,W4-17_cf,-1,W4-17_cl,69.92
HAT707_185,1,W4-17_c,1,W4-17_f2,-1,W4-17_cf,-1,W4-17_f,93.68
HAT707_186,1,W4-17_c,1,W4-17_o2,-1,W4-17_co,-1,W4-17_o,138.90
HAT707_187,1,W4-17_c,1,W4-17_n2,-1,W4-17_cn,-1,W4-17_n,-47.13
HAT707_188,1,W4-17_n,1,W4-17_foof,-1,W4-17_no,-1,W4-17_f2o,94.16
HAT707_189,1,W4-17_n,1,W4-17_fo2,-1,W4-17_no,-1,W4-17_of,71.10
HAT707_190,1,W4-17_n,1,W4-17_oclo,-1,W4-17_no,-1,W4-17_clo,90.07
HAT707_191,1,W4-17_n,1,W4-17_cl2o,-1,W4-17_no,-1,W4-17_cl2,111.04
HAT707_192,1,W4-17_n,1,W4-17_f2o,-1,W4-17_no,-1,W4-17_f2,98.01
HAT707_193,1,W4-17_n,1,W4-17_hocl,-1,W4-17_no,-1,W4-17_hcl,94.02
HAT707_194,1,W4-17_n,1,W4-17_hof,-1,W4-17_no,-1,W4-17_hf,135.73
HAT707_195,1,W4-17_n,1,W4-17_clo,-1,W4-17_no,-1,W4-17_cl,87.30
HAT707_196,1,W4-17_n,1,W4-17_of,-1,W4-17_no,-1,W4-17_f,99.67
HAT707_197,1,W4-17_n,1,W4-17_no2,-1,W4-17_no,-1,W4-17_no,77.61
HAT707_198,1,W4-17_n,1,W4-17_no2,-1,W4-17_n2,-1,W4-17_o2,121.43
HAT707_199,1,W4-17_n,1,W4-17_n2o,-1,W4-17_no,-1,W4-17_n2,110.38
HAT707_200,1,W4-17_n,1,W4-17_t-hono,-1,W4-17_no,-1,W4-17_hno,45.99
HAT707_201,1,W4-17_n,1,W4-17_t-hono,-1,W4-17_n2,-1,W4-17_hoo,91.37
HAT707_202,1,W4-17_n,1,W4-17_hnco,-1,W4-17_n2,-1,W4-17_hco,73.17
HAT707_203,1,W4-17_n,1,W4-17_hnco,-1,W4-17_cn,-1,W4-17_hno,-47.50
HAT707_204,1,W4-17_n,1,W4-17_hnco,-1,W4-17_no,-1,W4-17_hcn,31.43
HAT707_205,1,W4-17_n,1,W4-17_hno,-1,W4-17_n2,-1,W4-17_oh,129.80
HAT707_206,1,W4-17_n,1,W4-17_no,-1,W4-17_n2,-1,W4-17_o,75.74
HAT707_207,1,W4-17_n,1,W4-17_oxirene,-1,W4-17_no,-1,W4-17_c2h2,102.20
HAT707_208,1,W4-17_n,1,W4-17_oxirane,-1,W4-17_no,-1,W4-17_c2h4,65.31
HAT707_209,1,W4-17_n,1,W4-17_methanol,-1,W4-17_no,-1,W4-17_ch4,59.66
HAT707_210,1,W4-17_n,1,W4-17_t-hcoh,-1,W4-17_cn,-1,W4-17_h2o,91.85
HAT707_211,1,W4-17_n,1,W4-17_t-hcoh,-1,W4-17_no,-1,W4-17_ch2-trip,21.01
HAT707_212,1,W4-17_n,1,W4-17_formic,-1,W4-17_no,-1,W4-17_t-hcoh,-26.68
HAT707_213,1,W4-17_n,1,W4-17_formic,-1,W4-17_cn,-1,W4-17_hooh,-51.46
HAT707_214,1,W4-17_n,1,W4-17_ketene,-1,W4-17_no,-1,W4-17_ch2c,-20.78
HAT707_215,1,W4-17_n,1,W4-17_ketene,-1,W4-17_cn,-1,W4-17_h2co,22.55
HAT707_216,1,W4-17_n,1,W4-17_glyoxal,-1,W4-17_no,-1,W4-17_oxirene,-26.28
HAT707_217,1,W4-17_n,1,W4-17_glyoxal,-1,W4-17_cn,-1,W4-17_formic,48.15
HAT707_218,1,W4-17_n,1,W4-17_acetaldehyde,-1,W4-17_cn,-1,W4-17_methanol,16.99
HAT707_219,1,W4-17_n,1,W4-17_acetaldehyde,-1,W4-17_no,-1,W4-17_c2h4,38.98
HAT707_220,1,W4-17_n,1,W4-17_f2co,-1,W4-17_no,-1,W4-17_cf2,-9.11
HAT707_221,1,W4-17_n,1,W4-17_f2co,-1,W4-17_cn,-1,W4-17_f2o,-145.51
HAT707_222,1,W4-17_n,1,W4-17_h2co,-1,W4-17_no,-1,W4-17_ch2-trip,-31.17
HAT707_223,1,W4-17_n,1,W4-17_h2co,-1,W4-17_cn,-1,W4-17_h2o,39.67
HAT707_224,1,W4-17_n,1,W4-17_hco,-1,W4-17_no,-1,W4-17_ch,-42.46
HAT707_225,1,W4-17_n,1,W4-17_cs2,-1,W4-17_cn,-1,W4-17_s2,4.82
HAT707_226,1,W4-17_n,1,W4-17_ocs,-1,W4-17_no,-1,W4-17_cs,-10.78
HAT707_227,1,W4-17_n,1,W4-17_ocs,-1,W4-17_cn,-1,W4-17_so,-27.93
HAT707_228,1,W4-17_n,1,W4-17_co2,-1,W4-17_no,-1,W4-17_co,22.33
HAT707_229,1,W4-17_n,1,W4-17_co2,-1,W4-17_cn,-1,W4-17_o2,-87.97
HAT707_230,1,W4-17_n,1,W4-17_cs,-1,W4-17_cn,-1,W4-17_s,9.13
HAT707_231,1,W4-17_n,1,W4-17_sio,-1,W4-17_no,-1,W4-17_si,-40.31
HAT707_232,1,W4-17_n,1,W4-17_co,-1,W4-17_cn,-1,W4-17_o,-78.38
HAT707_233,1,W4-17_n,1,W4-17_co,-1,W4-17_no,-1,W4-17_c,-106.98
HAT707_234,1,W4-17_n,1,W4-17_hcn,-1,W4-17_n2,-1,W4-17_ch,-0.71
HAT707_235,1,W4-17_n,1,W4-17_cn,-1,W4-17_n2,-1,W4-17_c,47.13
HAT707_236,1,W4-17_n,1,W4-17_t-hooo,-1,W4-17_no,-1,W4-17_hoo,94.98
HAT707_237,1,W4-17_n,1,W4-17_o3,-1,W4-17_no,-1,W4-17_o2,126.14
HAT707_238,1,W4-17_n,1,W4-17_hooh,-1,W4-17_no,-1,W4-17_h2o,116.63
HAT707_239,1,W4-17_n,1,W4-17_hoo,-1,W4-17_no,-1,W4-17_oh,84.42
HAT707_240,1,W4-17_n,1,W4-17_h2o,-1,W4-17_no,-1,W4-17_h2,29.26
HAT707_241,1,W4-17_n,1,W4-17_t-n2h2,-1,W4-17_n2,-1,W4-17_nh2,114.54
HAT707_242,1,W4-17_n,1,W4-17_propyne,-1,W4-17_cn,-1,W4-17_c2h4,39.84
HAT707_243,1,W4-17_n,1,W4-17_propene,-1,W4-17_cn,-1,W4-17_c2h6,32.85
HAT707_244,1,W4-17_n,1,W4-17_c2h3f,-1,W4-17_cn,-1,W4-17_ch3f,30.42
HAT707_245,1,W4-17_n,1,W4-17_c2h4,-1,W4-17_cn,-1,W4-17_ch4,37.67
HAT707_246,1,W4-17_n,1,W4-17_ch2ch,-1,W4-17_cn,-1,W4-17_ch3,43.14
HAT707_247,1,W4-17_n,1,W4-17_fccf,-1,W4-17_cn,-1,W4-17_cf2,54.05
HAT707_248,1,W4-17_n,1,W4-17_c2h2,-1,W4-17_cn,-1,W4-17_ch2-trip,-33.43
HAT707_249,1,W4-17_n,1,W4-17_ccl2,-1,W4-17_cn,-1,W4-17_cl2,63.74
HAT707_250,1,W4-17_n,1,W4-17_cf2,-1,W4-17_cn,-1,W4-17_f2,-38.39
HAT707_251,1,W4-17_n,1,W4-17_ch2-trip,-1,W4-17_cn,-1,W4-17_h2,100.10
HAT707_252,1,W4-17_n,1,W4-17_cf,-1,W4-17_cn,-1,W4-17_f,48.63
HAT707_253,1,W4-17_n,1,W4-17_bf,-1,W4-17_bn3pi,-1,W4-17_f,-76.70
HAT707_254,1,W4-17_n,1,W4-17_bn3pi,-1,W4-17_n2,-1,W4-17_b,122.67
HAT707_255,1,W4-17_n,1,W4-17_s2o,-1,W4-17_no,-1,W4-17_s2,48.21
HAT707_256,1,W4-17_n,1,W4-17_so3,-1,W4-17_no,-1,W4-17_so2,66.42
HAT707_257,1,W4-17_n,1,W4-17_so2,-1,W4-17_no,-1,W4-17_so,18.59
HAT707_258,1,W4-17_n,1,W4-17_so,-1,W4-17_no,-1,W4-17_s,26.28
HAT707_259,1,W4-17_n,1,W4-17_o2,-1,W4-17_no,-1,W4-17_o,31.92
HAT707_260,1,W4-17_n,1,W4-17_b2,-1,W4-17_bn3pi,-1,W4-17_b,38.36
HAT707_261,1,W4-17_o,1,W4-17_ch3f,-1,W4-17_of,-1,W4-17_ch3,-62.01
HAT707_262,1,W4-17_o,1,W4-17_foof,-1,W4-17_of,-1,W4-17_fo2,35.43
HAT707_263,1,W4-17_o,1,W4-17_foof,-1,W4-17_o2,-1,W4-17_f2o,62.23
HAT707_264,1,W4-17_o,1,W4-17_fo2,-1,W4-17_o2,-1,W4-17_of,39.18
HAT707_265,1,W4-17_o,1,W4-17_oclo,-1,W4-17_o2,-1,W4-17_clo,58.15
HAT707_266,1,W4-17_o,1,W4-17_cl2o,-1,W4-17_clo,-1,W4-17_clo,29.44
HAT707_267,1,W4-17_o,1,W4-17_cl2o,-1,W4-17_o2,-1,W4-17_cl2,79.12
HAT707_268,1,W4-17_o,1,W4-17_f2o,-1,W4-17_of,-1,W4-17_of,12.37
HAT707_269,1,W4-17_o,1,W4-17_f2o,-1,W4-17_o2,-1,W4-17_f2,66.09
HAT707_270,1,W4-17_o,1,W4-17_hocl,-1,W4-17_o2,-1,W4-17_hcl,62.09
HAT707_271,1,W4-17_o,1,W4-17_hof,-1,W4-17_o2,-1,W4-17_hf,103.81
HAT707_272,1,W4-17_o,1,W4-17_clo,-1,W4-17_o2,-1,W4-17_cl,55.38
HAT707_273,1,W4-17_o,1,W4-17_of,-1,W4-17_o2,-1,W4-17_f,67.75
HAT707_274,1,W4-17_o,1,W4-17_no2,-1,W4-17_o2,-1,W4-17_no,45.69
HAT707_275,1,W4-17_o,1,W4-17_t-hono,-1,W4-17_o2,-1,W4-17_hno,14.06
HAT707_276,1,W4-17_o,1,W4-17_t-hono,-1,W4-17_no,-1,W4-17_hoo,15.63
HAT707_277,1,W4-17_o,1,W4-17_hnco,-1,W4-17_no,-1,W4-17_hco,-2.57
HAT707_278,1,W4-17_o,1,W4-17_hnco,-1,W4-17_co,-1,W4-17_hno,30.88
HAT707_279,1,W4-17_o,1,W4-17_hnco,-1,W4-17_o2,-1,W4-17_hcn,-0.50
HAT707_280,1,W4-17_o,1,W4-17_hno,-1,W4-17_no,-1,W4-17_oh,54.06
HAT707_281,1,W4-17_o,1,W4-17_no,-1,W4-17_o2,-1,W4-17_n,-31.92
HAT707_282,1,W4-17_o,1,W4-17_oxirene,-1,W4-17_o2,-1,W4-17_c2h2,70.28
HAT707_283,1,W4-17_o,1,W4-17_oxirane,-1,W4-17_o2,-1,W4-17_c2h4,33.39
HAT707_284,1,W4-17_o,1,W4-17_methanol,-1,W4-17_o2,-1,W4-17_ch4,27.74
HAT707_285,1,W4-17_o,1,W4-17_t-hcoh,-1,W4-17_co,-1,W4-17_h2o,170.23
HAT707_286,1,W4-17_o,1,W4-17_t-hcoh,-1,W4-17_o2,-1,W4-17_ch2-trip,-10.91
HAT707_287,1,W4-17_o,1,W4-17_formic,-1,W4-17_o2,-1,W4-17_t-hcoh,-58.60
HAT707_288,1,W4-17_o,1,W4-17_formic,-1,W4-17_co,-1,W4-17_hooh,26.92
HAT707_289,1,W4-17_o,1,W4-17_ketene,-1,W4-17_o2,-1,W4-17_ch2c,-52.70
HAT707_290,1,W4-17_o,1,W4-17_ketene,-1,W4-17_co,-1,W4-17_h2co,100.92
HAT707_291,1,W4-17_o,1,W4-17_glyoxal,-1,W4-17_o2,-1,W4-17_oxirene,-58.21
HAT707_292,1,W4-17_o,1,W4-17_glyoxal,-1,W4-17_co,-1,W4-17_formic,126.53
HAT707_293,1,W4-17_o,1,W4-17_acetaldehyde,-1,W4-17_co,-1,W4-17_methanol,95.36
HAT707_294,1,W4-17_o,1,W4-17_acetaldehyde,-1,W4-17_o2,-1,W4-17_c2h4,7.06
HAT707_295,1,W4-17_o,1,W4-17_f2co,-1,W4-17_o2,-1,W4-17_cf2,-41.03
HAT707_296,1,W4-17_o,1,W4-17_f2co,-1,W4-17_co,-1,W4-17_f2o,-67.13
HAT707_297,1,W4-17_o,1,W4-17_hcof,-1,W4-17_of,-1,W4-17_hco,-71.25
HAT707_298,1,W4-17_o,1,W4-17_h2co,-1,W4-17_o2,-1,W4-17_ch2-trip,-63.09
HAT707_299,1,W4-17_o,1,W4-17_h2co,-1,W4-17_co,-1,W4-17_h2o,118.04
HAT707_300,1,W4-17_o,1,W4-17_hco,-1,W4-17_o2,-1,W4-17_ch,-74.38
HAT707_301,1,W4-17_o,1,W4-17_cs2,-1,W4-17_so,-1,W4-17_cs,17.91
HAT707_302,1,W4-17_o,1,W4-17_cs2,-1,W4-17_co,-1,W4-17_s2,83.20
HAT707_303,1,W4-17_o,1,W4-17_ocs,-1,W4-17_o2,-1,W4-17_cs,-42.70
HAT707_304,1,W4-17_o,1,W4-17_ocs,-1,W4-17_so,-1,W4-17_co,50.45
HAT707_305,1,W4-17_o,1,W4-17_co2,-1,W4-17_o2,-1,W4-17_co,-9.59
HAT707_306,1,W4-17_o,1,W4-17_cs,-1,W4-17_co,-1,W4-17_s,87.51
HAT707_307,1,W4-17_o,1,W4-17_cs,-1,W4-17_so,-1,W4-17_c,-45.75
HAT707_308,1,W4-17_o,1,W4-17_sio,-1,W4-17_o2,-1,W4-17_si,-72.23
HAT707_309,1,W4-17_o,1,W4-17_co,-1,W4-17_o2,-1,W4-17_c,-138.90
HAT707_310,1,W4-17_o,1,W4-17_hcn,-1,W4-17_no,-1,W4-17_ch,-76.45
HAT707_311,1,W4-17_o,1,W4-17_cn,-1,W4-17_co,-1,W4-17_n,78.38
HAT707_312,1,W4-17_o,1,W4-17_cn,-1,W4-17_no,-1,W4-17_c,-28.61
HAT707_313,1,W4-17_o,1,W4-17_h2s,-1,W4-17_so,-1,W4-17_h2,52.05
HAT707_314,1,W4-17_o,1,W4-17_alcl,-1,W4-17_clo,-1,W4-17_al,-57.17
HAT707_315,1,W4-17_o,1,W4-17_alf,-1,W4-17_of,-1,W4-17_al,-110.71
HAT707_316,1,W4-17_o,1,W4-17_t-hooo,-1,W4-17_o2,-1,W4-17_hoo,63.06
HAT707_317,1,W4-17_o,1,W4-17_o3,-1,W4-17_o2,-1,W4-17_o2,94.22
HAT707_318,1,W4-17_o,1,W4-17_hooh,-1,W4-17_o2,-1,W4-17_h2o,84.71
HAT707_319,1,W4-17_o,1,W4-17_ssh,-1,W4-17_so,-1,W4-17_hs,49.07
HAT707_320,1,W4-17_o,1,W4-17_hoo,-1,W4-17_o2,-1,W4-17_oh,52.50
HAT707_321,1,W4-17_o,1,W4-17_h2o,-1,W4-17_o2,-1,W4-17_h2,-2.66
HAT707_322,1,W4-17_o,1,W4-17_t-n2h2,-1,W4-17_no,-1,W4-17_nh2,38.80
HAT707_323,1,W4-17_o,1,W4-17_propyne,-1,W4-17_co,-1,W4-17_c2h4,118.22
HAT707_324,1,W4-17_o,1,W4-17_propene,-1,W4-17_co,-1,W4-17_c2h6,111.23
HAT707_325,1,W4-17_o,1,W4-17_c2h3f,-1,W4-17_of,-1,W4-17_ch2ch,-74.74
HAT707_326,1,W4-17_o,1,W4-17_c2h3f,-1,W4-17_co,-1,W4-17_ch3f,108.79
HAT707_327,1,W4-17_o,1,W4-17_c2h4,-1,W4-17_co,-1,W4-17_ch4,116.05
HAT707_328,1,W4-17_o,1,W4-17_ch2ch,-1,W4-17_co,-1,W4-17_ch3,121.52
HAT707_329,1,W4-17_o,1,W4-17_fccf,-1,W4-17_co,-1,W4-17_cf2,132.42
HAT707_330,1,W4-17_o,1,W4-17_hccf,-1,W4-17_of,-1,W4-17_cch,-79.23
HAT707_331,1,W4-17_o,1,W4-17_c2h2,-1,W4-17_co,-1,W4-17_ch2-trip,44.95
HAT707_332,1,W4-17_o,1,W4-17_ccl2,-1,W4-17_co,-1,W4-17_cl2,142.12
HAT707_333,1,W4-17_o,1,W4-17_cf2,-1,W4-17_co,-1,W4-17_f2,39.99
HAT707_334,1,W4-17_o,1,W4-17_cf2,-1,W4-17_of,-1,W4-17_cf,-72.99
HAT707_335,1,W4-17_o,1,W4-17_ch2-trip,-1,W4-17_co,-1,W4-17_h2,178.48
HAT707_336,1,W4-17_o,1,W4-17_sif,-1,W4-17_of,-1,W4-17_si,-89.63
HAT707_337,1,W4-17_o,1,W4-17_sif,-1,W4-17_sio,-1,W4-17_f,50.34
HAT707_338,1,W4-17_o,1,W4-17_clcn,-1,W4-17_clo,-1,W4-17_cn,-38.65
HAT707_339,1,W4-17_o,1,W4-17_cf,-1,W4-17_of,-1,W4-17_c,-79.65
HAT707_340,1,W4-17_o,1,W4-17_cf,-1,W4-17_co,-1,W4-17_f,127.01
HAT707_341,1,W4-17_o,1,W4-17_bf,-1,W4-17_of,-1,W4-17_b,-129.44
HAT707_342,1,W4-17_o,1,W4-17_bn3pi,-1,W4-17_no,-1,W4-17_b,46.93
HAT707_343,1,W4-17_o,1,W4-17_s2o,-1,W4-17_so,-1,W4-17_so,44.15
HAT707_344,1,W4-17_o,1,W4-17_s2o,-1,W4-17_o2,-1,W4-17_s2,16.29
HAT707_345,1,W4-17_o,1,W4-17_so3,-1,W4-17_o2,-1,W4-17_so2,34.50
HAT707_346,1,W4-17_o,1,W4-17_so3,-1,W4-17_so,-1,W4-17_o3,-73.05
HAT707_347,1,W4-17_o,1,W4-17_so2,-1,W4-17_o2,-1,W4-17_so,-13.33
HAT707_348,1,W4-17_o,1,W4-17_so,-1,W4-17_o2,-1,W4-17_s,-5.64
HAT707_349,1,W4-17_o,1,W4-17_s4-c2v,-1,W4-17_so,-1,W4-17_s3,60.48
HAT707_350,1,W4-17_o,1,W4-17_s3,-1,W4-17_so,-1,W4-17_s2,62.35
HAT707_351,1,W4-17_o,1,W4-17_s2,-1,W4-17_so,-1,W4-17_s,22.21
HAT707_352,1,W4-17_o,1,W4-17_cl2,-1,W4-17_clo,-1,W4-17_cl,5.70
HAT707_353,1,W4-17_o,1,W4-17_clf,-1,W4-17_clo,-1,W4-17_f,2.65
HAT707_354,1,W4-17_o,1,W4-17_clf,-1,W4-17_of,-1,W4-17_cl,-9.72
HAT707_355,1,W4-17_o,1,W4-17_f2,-1,W4-17_of,-1,W4-17_f,14.03
HAT707_356,1,W4-17_o,1,W4-17_n2,-1,W4-17_no,-1,W4-17_n,-75.74
HAT707_357,1,W4-17_f,1,W4-17_ch3f,-1,W4-17_f2,-1,W4-17_ch3,-76.05
HAT707_358,1,W4-17_f,1,W4-17_foof,-1,W4-17_f2,-1,W4-17_fo2,21.39
HAT707_359,1,W4-17_f,1,W4-17_foof,-1,W4-17_of,-1,W4-17_f2o,-5.51
HAT707_360,1,W4-17_f,1,W4-17_fo2,-1,W4-17_of,-1,W4-17_of,-28.57
HAT707_361,1,W4-17_f,1,W4-17_fo2,-1,W4-17_f2,-1,W4-17_o2,25.14
HAT707_362,1,W4-17_f,1,W4-17_oclo,-1,W4-17_of,-1,W4-17_clo,-9.60
HAT707_363,1,W4-17_f,1,W4-17_oclo,-1,W4-17_clf,-1,W4-17_o2,55.50
HAT707_364,1,W4-17_f,1,W4-17_cl2o,-1,W4-17_clf,-1,W4-17_clo,26.79
HAT707_365,1,W4-17_f,1,W4-17_cl2o,-1,W4-17_of,-1,W4-17_cl2,11.37
HAT707_366,1,W4-17_f,1,W4-17_f2o,-1,W4-17_f2,-1,W4-17_of,-1.66
HAT707_367,1,W4-17_f,1,W4-17_hocl,-1,W4-17_of,-1,W4-17_hcl,-5.65
HAT707_368,1,W4-17_f,1,W4-17_hof,-1,W4-17_of,-1,W4-17_hf,36.06
HAT707_369,1,W4-17_f,1,W4-17_clo,-1,W4-17_clf,-1,W4-17_o,-2.65
HAT707_370,1,W4-17_f,1,W4-17_clo,-1,W4-17_of,-1,W4-17_cl,-12.37
HAT707_371,1,W4-17_f,1,W4-17_of,-1,W4-17_f2,-1,W4-17_o,-14.03
HAT707_372,1,W4-17_f,1,W4-17_no2,-1,W4-17_of,-1,W4-17_no,-22.06
HAT707_373,1,W4-17_f,1,W4-17_n2o,-1,W4-17_of,-1,W4-17_n2,10.71
HAT707_374,1,W4-17_f,1,W4-17_t-hono,-1,W4-17_of,-1,W4-17_hno,-53.68
HAT707_375,1,W4-17_f,1,W4-17_hnco,-1,W4-17_cf,-1,W4-17_hno,-96.13
HAT707_376,1,W4-17_f,1,W4-17_hnco,-1,W4-17_of,-1,W4-17_hcn,-68.24
HAT707_377,1,W4-17_f,1,W4-17_no,-1,W4-17_of,-1,W4-17_n,-99.67
HAT707_378,1,W4-17_f,1,W4-17_oxirene,-1,W4-17_of,-1,W4-17_c2h2,2.53
HAT707_379,1,W4-17_f,1,W4-17_oxirane,-1,W4-17_of,-1,W4-17_c2h4,-34.36
HAT707_380,1,W4-17_f,1,W4-17_methanol,-1,W4-17_of,-1,W4-17_ch4,-40.01
HAT707_381,1,W4-17_f,1,W4-17_t-hcoh,-1,W4-17_cf,-1,W4-17_h2o,43.22
HAT707_382,1,W4-17_f,1,W4-17_t-hcoh,-1,W4-17_of,-1,W4-17_ch2-trip,-78.66
HAT707_383,1,W4-17_f,1,W4-17_formic,-1,W4-17_of,-1,W4-17_t-hcoh,-126.35
HAT707_384,1,W4-17_f,1,W4-17_formic,-1,W4-17_cf,-1,W4-17_hooh,-100.09
HAT707_385,1,W4-17_f,1,W4-17_ketene,-1,W4-17_of,-1,W4-17_ch2c,-120.45
HAT707_386,1,W4-17_f,1,W4-17_ketene,-1,W4-17_cf,-1,W4-17_h2co,-26.08
HAT707_387,1,W4-17_f,1,W4-17_glyoxal,-1,W4-17_of,-1,W4-17_oxirene,-125.95
HAT707_388,1,W4-17_f,1,W4-17_glyoxal,-1,W4-17_cf,-1,W4-17_formic,-0.48
HAT707_389,1,W4-17_f,1,W4-17_acetaldehyde,-1,W4-17_cf,-1,W4-17_methanol,-31.64
HAT707_390,1,W4-17_f,1,W4-17_acetaldehyde,-1,W4-17_of,-1,W4-17_c2h4,-60.69
HAT707_391,1,W4-17_f,1,W4-17_f2co,-1,W4-17_of,-1,W4-17_cf2,-108.78
HAT707_392,1,W4-17_f,1,W4-17_f2co,-1,W4-17_cf,-1,W4-17_f2o,-194.14
HAT707_393,1,W4-17_f,1,W4-17_hcof,-1,W4-17_f2,-1,W4-17_hco,-85.28
HAT707_394,1,W4-17_f,1,W4-17_h2co,-1,W4-17_of,-1,W4-17_ch2-trip,-130.84
HAT707_395,1,W4-17_f,1,W4-17_h2co,-1,W4-17_cf,-1,W4-17_h2o,-8.96
HAT707_396,1,W4-17_f,1,W4-17_hco,-1,W4-17_of,-1,W4-17_ch,-142.13
HAT707_397,1,W4-17_f,1,W4-17_cs2,-1,W4-17_cf,-1,W4-17_s2,-43.81
HAT707_398,1,W4-17_f,1,W4-17_ocs,-1,W4-17_of,-1,W4-17_cs,-110.45
HAT707_399,1,W4-17_f,1,W4-17_ocs,-1,W4-17_cf,-1,W4-17_so,-76.56
HAT707_400,1,W4-17_f,1,W4-17_co2,-1,W4-17_of,-1,W4-17_co,-77.34
HAT707_401,1,W4-17_f,1,W4-17_co2,-1,W4-17_cf,-1,W4-17_o2,-136.60
HAT707_402,1,W4-17_f,1,W4-17_cs,-1,W4-17_cf,-1,W4-17_s,-39.50
HAT707_403,1,W4-17_f,1,W4-17_sio,-1,W4-17_sif,-1,W4-17_o,-50.34
HAT707_404,1,W4-17_f,1,W4-17_sio,-1,W4-17_of,-1,W4-17_si,-139.98
HAT707_405,1,W4-17_f,1,W4-17_co,-1,W4-17_cf,-1,W4-17_o,-127.01
HAT707_406,1,W4-17_f,1,W4-17_co,-1,W4-17_of,-1,W4-17_c,-206.65
HAT707_407,1,W4-17_f,1,W4-17_cn,-1,W4-17_cf,-1,W4-17_n,-48.63
HAT707_408,1,W4-17_f,1,W4-17_alcl,-1,W4-17_alf,-1,W4-17_cl,41.16
HAT707_409,1,W4-17_f,1,W4-17_alcl,-1,W4-17_clf,-1,W4-17_al,-59.82
HAT707_410,1,W4-17_f,1,W4-17_alf,-1,W4-17_f2,-1,W4-17_al,-124.74
HAT707_411,1,W4-17_f,1,W4-17_t-hooo,-1,W4-17_of,-1,W4-17_hoo,-4.69
HAT707_412,1,W4-17_f,1,W4-17_o3,-1,W4-17_of,-1,W4-17_o2,26.47
HAT707_413,1,W4-17_f,1,W4-17_hooh,-1,W4-17_of,-1,W4-17_h2o,16.96
HAT707_414,1,W4-17_f,1,W4-17_h2o,-1,W4-17_of,-1,W4-17_h2,-70.41
HAT707_415,1,W4-17_f,1,W4-17_propyne,-1,W4-17_cf,-1,W4-17_c2h4,-8.79
HAT707_416,1,W4-17_f,1,W4-17_propene,-1,W4-17_cf,-1,W4-17_c2h6,-15.78
HAT707_417,1,W4-17_f,1,W4-17_c2h3f,-1,W4-17_f2,-1,W4-17_ch2ch,-88.77
HAT707_418,1,W4-17_f,1,W4-17_c2h3f,-1,W4-17_cf,-1,W4-17_ch3f,-18.21
HAT707_419,1,W4-17_f,1,W4-17_c2h4,-1,W4-17_cf,-1,W4-17_ch4,-10.96
HAT707_420,1,W4-17_f,1,W4-17_ch2ch,-1,W4-17_cf,-1,W4-17_ch3,-5.49
HAT707_421,1,W4-17_f,1,W4-17_fccf,-1,W4-17_cf,-1,W4-17_cf2,5.42
HAT707_422,1,W4-17_f,1,W4-17_hccf,-1,W4-17_f2,-1,W4-17_cch,-93.27
HAT707_423,1,W4-17_f,1,W4-17_c2h2,-1,W4-17_cf,-1,W4-17_ch2-trip,-82.06
HAT707_424,1,W4-17_f,1,W4-17_ccl2,-1,W4-17_cf,-1,W4-17_cl2,15.11
HAT707_425,1,W4-17_f,1,W4-17_cf2,-1,W4-17_f2,-1,W4-17_cf,-87.02
HAT707_426,1,W4-17_f,1,W4-17_ch2-trip,-1,W4-17_cf,-1,W4-17_h2,51.47
HAT707_427,1,W4-17_f,1,W4-17_sif,-1,W4-17_f2,-1,W4-17_si,-103.67
HAT707_428,1,W4-17_f,1,W4-17_clcn,-1,W4-17_clf,-1,W4-17_cn,-41.30
HAT707_429,1,W4-17_f,1,W4-17_cf,-1,W4-17_f2,-1,W4-17_c,-93.68
HAT707_430,1,W4-17_f,1,W4-17_bf,-1,W4-17_f2,-1,W4-17_b,-143.48
HAT707_431,1,W4-17_f,1,W4-17_bn3pi,-1,W4-17_bf,-1,W4-17_n,76.70
HAT707_432,1,W4-17_f,1,W4-17_s2o,-1,W4-17_of,-1,W4-17_s2,-51.45
HAT707_433,1,W4-17_f,1,W4-17_so3,-1,W4-17_of,-1,W4-17_so2,-33.25
HAT707_434,1,W4-17_f,1,W4-17_so2,-1,W4-17_of,-1,W4-17_so,-81.08
HAT707_435,1,W4-17_f,1,W4-17_so,-1,W4-17_of,-1,W4-17_s,-73.39
HAT707_436,1,W4-17_f,1,W4-17_cl2,-1,W4-17_clf,-1,W4-17_cl,3.05
HAT707_437,1,W4-17_f,1,W4-17_clf,-1,W4-17_f2,-1,W4-17_cl,-23.76
HAT707_438,1,W4-17_f,1,W4-17_o2,-1,W4-17_of,-1,W4-17_o,-67.75
HAT707_439,1,W4-17_f,1,W4-17_b2,-1,W4-17_bf,-1,W4-17_b,115.06
HAT707_440,1,W4-17_s,1,W4-17_foof,-1,W4-17_so,-1,W4-17_f2o,67.88
HAT707_441,1,W4-17_s,1,W4-17_fo2,-1,W4-17_so,-1,W4-17_of,44.82
HAT707_442,1,W4-17_s,1,W4-17_oclo,-1,W4-17_so,-1,W4-17_clo,63.79
HAT707_443,1,W4-17_s,1,W4-17_cl2o,-1,W4-17_so,-1,W4-17_cl2,84.76
HAT707_444,1,W4-17_s,1,W4-17_f2o,-1,W4-17_so,-1,W4-17_f2,71.73
HAT707_445,1,W4-17_s,1,W4-17_hocl,-1,W4-17_so,-1,W4-17_hcl,67.74
HAT707_446,1,W4-17_s,1,W4-17_hof,-1,W4-17_so,-1,W4-17_hf,109.45
HAT707_447,1,W4-17_s,1,W4-17_clo,-1,W4-17_so,-1,W4-17_cl,61.02
HAT707_448,1,W4-17_s,1,W4-17_of,-1,W4-17_so,-1,W4-17_f,73.39
HAT707_449,1,W4-17_s,1,W4-17_no2,-1,W4-17_so,-1,W4-17_no,51.33
HAT707_450,1,W4-17_s,1,W4-17_n2o,-1,W4-17_so,-1,W4-17_n2,84.10
HAT707_451,1,W4-17_s,1,W4-17_t-hono,-1,W4-17_so,-1,W4-17_hno,19.71
HAT707_452,1,W4-17_s,1,W4-17_hnco,-1,W4-17_cs,-1,W4-17_hno,-56.63
HAT707_453,1,W4-17_s,1,W4-17_hnco,-1,W4-17_so,-1,W4-17_hcn,5.15
HAT707_454,1,W4-17_s,1,W4-17_no,-1,W4-17_so,-1,W4-17_n,-26.28
HAT707_455,1,W4-17_s,1,W4-17_oxirene,-1,W4-17_so,-1,W4-17_c2h2,75.92
HAT707_456,1,W4-17_s,1,W4-17_oxirane,-1,W4-17_so,-1,W4-17_c2h4,39.03
HAT707_457,1,W4-17_s,1,W4-17_methanol,-1,W4-17_so,-1,W4-17_ch4,33.38
HAT707_458,1,W4-17_s,1,W4-17_t-hcoh,-1,W4-17_cs,-1,W4-17_h2o,82.72
HAT707_459,1,W4-17_s,1,W4-17_t-hcoh,-1,W4-17_so,-1,W4-17_ch2-trip,-5.27
HAT707_460,1,W4-17_s,1,W4-17_formic,-1,W4-17_so,-1,W4-17_t-hcoh,-52.96
HAT707_461,1,W4-17_s,1,W4-17_formic,-1,W4-17_cs,-1,W4-17_hooh,-60.59
HAT707_462,1,W4-17_s,1,W4-17_ketene,-1,W4-17_so,-1,W4-17_ch2c,-47.06
HAT707_463,1,W4-17_s,1,W4-17_ketene,-1,W4-17_cs,-1,W4-17_h2co,13.41
HAT707_464,1,W4-17_s,1,W4-17_glyoxal,-1,W4-17_so,-1,W4-17_oxirene,-52.56
HAT707_465,1,W4-17_s,1,W4-17_glyoxal,-1,W4-17_cs,-1,W4-17_formic,39.02
HAT707_466,1,W4-17_s,1,W4-17_acetaldehyde,-1,W4-17_cs,-1,W4-17_methanol,7.86
HAT707_467,1,W4-17_s,1,W4-17_acetaldehyde,-1,W4-17_so,-1,W4-17_c2h4,12.70
HAT707_468,1,W4-17_s,1,W4-17_f2co,-1,W4-17_so,-1,W4-17_cf2,-35.39
HAT707_469,1,W4-17_s,1,W4-17_f2co,-1,W4-17_cs,-1,W4-17_f2o,-154.64
HAT707_470,1,W4-17_s,1,W4-17_h2co,-1,W4-17_so,-1,W4-17_ch2-trip,-57.45
HAT707_471,1,W4-17_s,1,W4-17_h2co,-1,W4-17_cs,-1,W4-17_h2o,30.53
HAT707_472,1,W4-17_s,1,W4-17_hco,-1,W4-17_so,-1,W4-17_ch,-68.74
HAT707_473,1,W4-17_s,1,W4-17_cs2,-1,W4-17_cs,-1,W4-17_s2,-4.31
HAT707_474,1,W4-17_s,1,W4-17_ocs,-1,W4-17_so,-1,W4-17_cs,-37.06
HAT707_475,1,W4-17_s,1,W4-17_ocs,-1,W4-17_s2,-1,W4-17_co,28.23
HAT707_476,1,W4-17_s,1,W4-17_co2,-1,W4-17_so,-1,W4-17_co,-3.95
HAT707_477,1,W4-17_s,1,W4-17_co2,-1,W4-17_cs,-1,W4-17_o2,-97.10
HAT707_478,1,W4-17_s,1,W4-17_cs,-1,W4-17_s2,-1,W4-17_c,-67.97
HAT707_479,1,W4-17_s,1,W4-17_sio,-1,W4-17_so,-1,W4-17_si,-66.59
HAT707_480,1,W4-17_s,1,W4-17_co,-1,W4-17_cs,-1,W4-17_o,-87.51
HAT707_481,1,W4-17_s,1,W4-17_co,-1,W4-17_so,-1,W4-17_c,-133.26
HAT707_482,1,W4-17_s,1,W4-17_cn,-1,W4-17_cs,-1,W4-17_n,-9.13
HAT707_483,1,W4-17_s,1,W4-17_h2s,-1,W4-17_s2,-1,W4-17_h2,29.83
HAT707_484,1,W4-17_s,1,W4-17_t-hooo,-1,W4-17_so,-1,W4-17_hoo,68.70
HAT707_485,1,W4-17_s,1,W4-17_o3,-1,W4-17_so,-1,W4-17_o2,99.86
HAT707_486,1,W4-17_s,1,W4-17_hooh,-1,W4-17_so,-1,W4-17_h2o,90.35
HAT707_487,1,W4-17_s,1,W4-17_h2o,-1,W4-17_so,-1,W4-17_h2,2.98
HAT707_488,1,W4-17_s,1,W4-17_propyne,-1,W4-17_cs,-1,W4-17_c2h4,30.71
HAT707_489,1,W4-17_s,1,W4-17_propene,-1,W4-17_cs,-1,W4-17_c2h6,23.72
HAT707_490,1,W4-17_s,1,W4-17_c2h3f,-1,W4-17_cs,-1,W4-17_ch3f,21.29
HAT707_491,1,W4-17_s,1,W4-17_c2h4,-1,W4-17_cs,-1,W4-17_ch4,28.54
HAT707_492,1,W4-17_s,1,W4-17_ch2ch,-1,W4-17_cs,-1,W4-17_ch3,34.01
HAT707_493,1,W4-17_s,1,W4-17_fccf,-1,W4-17_cs,-1,W4-17_cf2,44.91
HAT707_494,1,W4-17_s,1,W4-17_c2h2,-1,W4-17_cs,-1,W4-17_ch2-trip,-42.56
HAT707_495,1,W4-17_s,1,W4-17_ccl2,-1,W4-17_cs,-1,W4-17_cl2,54.61
HAT707_496,1,W4-17_s,1,W4-17_cf2,-1,W4-17_cs,-1,W4-17_f2,-47.52
HAT707_497,1,W4-17_s,1,W4-17_ch2-trip,-1,W4-17_cs,-1,W4-17_h2,90.97
HAT707_498,1,W4-17_s,1,W4-17_cf,-1,W4-17_cs,-1,W4-17_f,39.50
HAT707_499,1,W4-17_s,1,W4-17_s2o,-1,W4-17_s2,-1,W4-17_so,21.94
HAT707_500,1,W4-17_s,1,W4-17_so3,-1,W4-17_so,-1,W4-17_so2,40.14
HAT707_501,1,W4-17_s,1,W4-17_so3,-1,W4-17_s2,-1,W4-17_o3,-95.26
HAT707_502,1,W4-17_s,1,W4-17_so2,-1,W4-17_so,-1,W4-17_so,-7.69
HAT707_503,1,W4-17_s,1,W4-17_so2,-1,W4-17_s2,-1,W4-17_o2,-35.55
HAT707_504,1,W4-17_s,1,W4-17_so,-1,W4-17_s2,-1,W4-17_o,-22.21
HAT707_505,1,W4-17_s,1,W4-17_s4-c2v,-1,W4-17_s2,-1,W4-17_s3,38.27
HAT707_506,1,W4-17_s,1,W4-17_s3,-1,W4-17_s2,-1,W4-17_s2,40.14
HAT707_507,1,W4-17_s,1,W4-17_o2,-1,W4-17_so,-1,W4-17_o,5.64
HAT707_508,1,W4-17_cl,1,W4-17_ch3f,-1,W4-17_clf,-1,W4-17_ch3,-52.29
HAT707_509,1,W4-17_cl,1,W4-17_foof,-1,W4-17_clf,-1,W4-17_fo2,45.15
HAT707_510,1,W4-17_cl,1,W4-17_foof,-1,W4-17_clo,-1,W4-17_f2o,6.86
HAT707_511,1,W4-17_cl,1,W4-17_fo2,-1,W4-17_clo,-1,W4-17_of,-16.20
HAT707_512,1,W4-17_cl,1,W4-17_fo2,-1,W4-17_clf,-1,W4-17_o2,48.90
HAT707_513,1,W4-17_cl,1,W4-17_oclo,-1,W4-17_clo,-1,W4-17_clo,2.77
HAT707_514,1,W4-17_cl,1,W4-17_oclo,-1,W4-17_cl2,-1,W4-17_o2,52.45
HAT707_515,1,W4-17_cl,1,W4-17_cl2o,-1,W4-17_clo,-1,W4-17_cl2,23.74
HAT707_516,1,W4-17_cl,1,W4-17_f2o,-1,W4-17_clf,-1,W4-17_of,22.09
HAT707_517,1,W4-17_cl,1,W4-17_f2o,-1,W4-17_clo,-1,W4-17_f2,10.71
HAT707_518,1,W4-17_cl,1,W4-17_hocl,-1,W4-17_clo,-1,W4-17_hcl,6.72
HAT707_519,1,W4-17_cl,1,W4-17_hof,-1,W4-17_clo,-1,W4-17_hf,48.43
HAT707_520,1,W4-17_cl,1,W4-17_clo,-1,W4-17_cl2,-1,W4-17_o,-5.70
HAT707_521,1,W4-17_cl,1,W4-17_of,-1,W4-17_clf,-1,W4-17_o,9.72
HAT707_522,1,W4-17_cl,1,W4-17_no2,-1,W4-17_clo,-1,W4-17_no,-9.69
HAT707_523,1,W4-17_cl,1,W4-17_n2o,-1,W4-17_clo,-1,W4-17_n2,23.08
HAT707_524,1,W4-17_cl,1,W4-17_t-hono,-1,W4-17_clo,-1,W4-17_hno,-41.31
HAT707_525,1,W4-17_cl,1,W4-17_hnco,-1,W4-17_clo,-1,W4-17_hcn,-55.87
HAT707_526,1,W4-17_cl,1,W4-17_no,-1,W4-17_clo,-1,W4-17_n,-87.30
HAT707_527,1,W4-17_cl,1,W4-17_oxirene,-1,W4-17_clo,-1,W4-17_c2h2,14.90
HAT707_528,1,W4-17_cl,1,W4-17_oxirane,-1,W4-17_clo,-1,W4-17_c2h4,-21.98
HAT707_529,1,W4-17_cl,1,W4-17_methanol,-1,W4-17_clo,-1,W4-17_ch4,-27.63
HAT707_530,1,W4-17_cl,1,W4-17_t-hcoh,-1,W4-17_clo,-1,W4-17_ch2-trip,-66.29
HAT707_531,1,W4-17_cl,1,W4-17_formic,-1,W4-17_clo,-1,W4-17_t-hcoh,-113.98
HAT707_532,1,W4-17_cl,1,W4-17_ketene,-1,W4-17_clo,-1,W4-17_ch2c,-108.08
HAT707_533,1,W4-17_cl,1,W4-17_glyoxal,-1,W4-17_clo,-1,W4-17_oxirene,-113.58
HAT707_534,1,W4-17_cl,1,W4-17_acetaldehyde,-1,W4-17_clo,-1,W4-17_c2h4,-48.32
HAT707_535,1,W4-17_cl,1,W4-17_f2co,-1,W4-17_clo,-1,W4-17_cf2,-96.41
HAT707_536,1,W4-17_cl,1,W4-17_hcof,-1,W4-17_clf,-1,W4-17_hco,-61.52
HAT707_537,1,W4-17_cl,1,W4-17_h2co,-1,W4-17_clo,-1,W4-17_ch2-trip,-118.47
HAT707_538,1,W4-17_cl,1,W4-17_hco,-1,W4-17_clo,-1,W4-17_ch,-129.75
HAT707_539,1,W4-17_cl,1,W4-17_ocs,-1,W4-17_clo,-1,W4-17_cs,-98.08
HAT707_540,1,W4-17_cl,1,W4-17_co2,-1,W4-17_clo,-1,W4-17_co,-64.97
HAT707_541,1,W4-17_cl,1,W4-17_sio,-1,W4-17_clo,-1,W4-17_si,-127.61
HAT707_542,1,W4-17_cl,1,W4-17_co,-1,W4-17_clo,-1,W4-17_c,-194.28
HAT707_543,1,W4-17_cl,1,W4-17_alcl,-1,W4-17_cl2,-1,W4-17_al,-62.87
HAT707_544,1,W4-17_cl,1,W4-17_alf,-1,W4-17_alcl,-1,W4-17_f,-41.16
HAT707_545,1,W4-17_cl,1,W4-17_alf,-1,W4-17_clf,-1,W4-17_al,-100.98
HAT707_546,1,W4-17_cl,1,W4-17_t-hooo,-1,W4-17_clo,-1,W4-17_hoo,7.68
HAT707_547,1,W4-17_cl,1,W4-17_o3,-1,W4-17_clo,-1,W4-17_o2,38.84
HAT707_548,1,W4-17_cl,1,W4-17_hooh,-1,W4-17_clo,-1,W4-17_h2o,29.33
HAT707_549,1,W4-17_cl,1,W4-17_hoo,-1,W4-17_oh,-1,W4-17_clo,-2.88
HAT707_550,1,W4-17_cl,1,W4-17_h2o,-1,W4-17_clo,-1,W4-17_h2,-58.03
HAT707_551,1,W4-17_cl,1,W4-17_c2h3f,-1,W4-17_clf,-1,W4-17_ch2ch,-65.01
HAT707_552,1,W4-17_cl,1,W4-17_hccf,-1,W4-17_clf,-1,W4-17_cch,-69.51
HAT707_553,1,W4-17_cl,1,W4-17_cf2,-1,W4-17_clf,-1,W4-17_cf,-63.26
HAT707_554,1,W4-17_cl,1,W4-17_sif,-1,W4-17_clf,-1,W4-17_si,-79.91
HAT707_555,1,W4-17_cl,1,W4-17_clcn,-1,W4-17_cl2,-1,W4-17_cn,-44.35
HAT707_556,1,W4-17_cl,1,W4-17_cf,-1,W4-17_clf,-1,W4-17_c,-69.92
HAT707_557,1,W4-17_cl,1,W4-17_bf,-1,W4-17_clf,-1,W4-17_b,-119.72
HAT707_558,1,W4-17_cl,1,W4-17_s2o,-1,W4-17_clo,-1,W4-17_s2,-39.08
HAT707_559,1,W4-17_cl,1,W4-17_so3,-1,W4-17_clo,-1,W4-17_so2,-20.88
HAT707_560,1,W4-17_cl,1,W4-17_so2,-1,W4-17_clo,-1,W4-17_so,-68.71
HAT707_561,1,W4-17_cl,1,W4-17_so,-1,W4-17_clo,-1,W4-17_s,-61.02
HAT707_562,1,W4-17_cl,1,W4-17_clf,-1,W4-17_cl2,-1,W4-17_f,-3.05
HAT707_563,1,W4-17_cl,1,W4-17_f2,-1,W4-17_clf,-1,W4-17_f,23.76
HAT707_564,1,W4-17_cl,1,W4-17_o2,-1,W4-17_clo,-1,W4-17_o,-55.38
HAT707_565,1,W4-17_oh,1,W4-17_ch3f,-1,W4-17_hof,-1,W4-17_ch3,-63.64
HAT707_566,1,W4-17_oh,1,W4-17_foof,-1,W4-17_hof,-1,W4-17_fo2,33.80
HAT707_567,1,W4-17_oh,1,W4-17_foof,-1,W4-17_hoo,-1,W4-17_f2o,9.74
HAT707_568,1,W4-17_oh,1,W4-17_fo2,-1,W4-17_hoo,-1,W4-17_of,-13.32
HAT707_569,1,W4-17_oh,1,W4-17_fo2,-1,W4-17_hof,-1,W4-17_o2,37.55
HAT707_570,1,W4-17_oh,1,W4-17_oclo,-1,W4-17_hoo,-1,W4-17_clo,5.65
HAT707_571,1,W4-17_oh,1,W4-17_oclo,-1,W4-17_hocl,-1,W4-17_o2,51.72
HAT707_572,1,W4-17_oh,1,W4-17_cl2o,-1,W4-17_hocl,-1,W4-17_clo,23.01
HAT707_573,1,W4-17_oh,1,W4-17_cl2o,-1,W4-17_hoo,-1,W4-17_cl2,26.62
HAT707_574,1,W4-17_oh,1,W4-17_f2o,-1,W4-17_hof,-1,W4-17_of,10.74
HAT707_575,1,W4-17_oh,1,W4-17_f2o,-1,W4-17_hoo,-1,W4-17_f2,13.59
HAT707_576,1,W4-17_oh,1,W4-17_hocl,-1,W4-17_hoo,-1,W4-17_hcl,9.60
HAT707_577,1,W4-17_oh,1,W4-17_hof,-1,W4-17_hoo,-1,W4-17_hf,51.31
HAT707_578,1,W4-17_oh,1,W4-17_clo,-1,W4-17_hocl,-1,W4-17_o,-6.43
HAT707_579,1,W4-17_oh,1,W4-17_clo,-1,W4-17_hoo,-1,W4-17_cl,2.88
HAT707_580,1,W4-17_oh,1,W4-17_of,-1,W4-17_hof,-1,W4-17_o,-1.63
HAT707_581,1,W4-17_oh,1,W4-17_of,-1,W4-17_hoo,-1,W4-17_f,15.25
HAT707_582,1,W4-17_oh,1,W4-17_no2,-1,W4-17_hoo,-1,W4-17_no,-6.81
HAT707_583,1,W4-17_oh,1,W4-17_no2,-1,W4-17_hno,-1,W4-17_o2,-8.38
HAT707_584,1,W4-17_oh,1,W4-17_n2o,-1,W4-17_hoo,-1,W4-17_n2,25.96
HAT707_585,1,W4-17_oh,1,W4-17_n2o,-1,W4-17_hno,-1,W4-17_no,-19.42
HAT707_586,1,W4-17_oh,1,W4-17_t-hono,-1,W4-17_hoo,-1,W4-17_hno,-38.43
HAT707_587,1,W4-17_oh,1,W4-17_hnco,-1,W4-17_hco,-1,W4-17_hno,-56.63
HAT707_588,1,W4-17_oh,1,W4-17_hnco,-1,W4-17_hoo,-1,W4-17_hcn,-52.99
HAT707_589,1,W4-17_oh,1,W4-17_no,-1,W4-17_hno,-1,W4-17_o,-54.06
HAT707_590,1,W4-17_oh,1,W4-17_no,-1,W4-17_hoo,-1,W4-17_n,-84.42
HAT707_591,1,W4-17_oh,1,W4-17_oxirene,-1,W4-17_hoo,-1,W4-17_c2h2,17.78
HAT707_592,1,W4-17_oh,1,W4-17_oxirane,-1,W4-17_hoo,-1,W4-17_c2h4,-19.11
HAT707_593,1,W4-17_oh,1,W4-17_methanol,-1,W4-17_hoo,-1,W4-17_ch4,-24.76
HAT707_594,1,W4-17_oh,1,W4-17_t-hcoh,-1,W4-17_hco,-1,W4-17_h2o,82.71
HAT707_595,1,W4-17_oh,1,W4-17_t-hcoh,-1,W4-17_hoo,-1,W4-17_ch2-trip,-63.41
HAT707_596,1,W4-17_oh,1,W4-17_formic,-1,W4-17_hoo,-1,W4-17_t-hcoh,-111.10
HAT707_597,1,W4-17_oh,1,W4-17_formic,-1,W4-17_hco,-1,W4-17_hooh,-60.60
HAT707_598,1,W4-17_oh,1,W4-17_ketene,-1,W4-17_hoo,-1,W4-17_ch2c,-105.20
HAT707_599,1,W4-17_oh,1,W4-17_ketene,-1,W4-17_hco,-1,W4-17_h2co,13.41
HAT707_600,1,W4-17_oh,1,W4-17_glyoxal,-1,W4-17_hoo,-1,W4-17_oxirene,-110.70
HAT707_601,1,W4-17_oh,1,W4-17_glyoxal,-1,W4-17_hco,-1,W4-17_formic,39.01
HAT707_602,1,W4-17_oh,1,W4-17_acetaldehyde,-1,W4-17_hco,-1,W4-17_methanol,7.85
HAT707_603,1,W4-17_oh,1,W4-17_acetaldehyde,-1,W4-17_hoo,-1,W4-17_c2h4,-45.44
HAT707_604,1,W4-17_oh,1,W4-17_f2co,-1,W4-17_hoo,-1,W4-17_cf2,-93.53
HAT707_605,1,W4-17_oh,1,W4-17_f2co,-1,W4-17_hco,-1,W4-17_f2o,-154.64
HAT707_606,1,W4-17_oh,1,W4-17_hcof,-1,W4-17_hof,-1,W4-17_hco,-72.88
HAT707_607,1,W4-17_oh,1,W4-17_h2co,-1,W4-17_hoo,-1,W4-17_ch2-trip,-115.59
HAT707_608,1,W4-17_oh,1,W4-17_h2co,-1,W4-17_hco,-1,W4-17_h2o,30.53
HAT707_609,1,W4-17_oh,1,W4-17_hco,-1,W4-17_hoo,-1,W4-17_ch,-126.88
HAT707_610,1,W4-17_oh,1,W4-17_cs2,-1,W4-17_hco,-1,W4-17_s2,-4.31
HAT707_611,1,W4-17_oh,1,W4-17_ocs,-1,W4-17_hoo,-1,W4-17_cs,-95.20
HAT707_612,1,W4-17_oh,1,W4-17_ocs,-1,W4-17_hco,-1,W4-17_so,-37.07
HAT707_613,1,W4-17_oh,1,W4-17_co2,-1,W4-17_hoo,-1,W4-17_co,-62.09
HAT707_614,1,W4-17_oh,1,W4-17_co2,-1,W4-17_hco,-1,W4-17_o2,-97.10
HAT707_615,1,W4-17_oh,1,W4-17_cs,-1,W4-17_hco,-1,W4-17_s,0.00
HAT707_616,1,W4-17_oh,1,W4-17_sio,-1,W4-17_hoo,-1,W4-17_si,-124.73
HAT707_617,1,W4-17_oh,1,W4-17_co,-1,W4-17_hco,-1,W4-17_o,-87.51
HAT707_618,1,W4-17_oh,1,W4-17_co,-1,W4-17_hoo,-1,W4-17_c,-191.40
HAT707_619,1,W4-17_oh,1,W4-17_hcn,-1,W4-17_hno,-1,W4-17_ch,-130.51
HAT707_620,1,W4-17_oh,1,W4-17_cn,-1,W4-17_hco,-1,W4-17_n,-9.14
HAT707_621,1,W4-17_oh,1,W4-17_cn,-1,W4-17_hno,-1,W4-17_c,-82.67
HAT707_622,1,W4-17_oh,1,W4-17_alcl,-1,W4-17_hocl,-1,W4-17_al,-63.60
HAT707_623,1,W4-17_oh,1,W4-17_alf,-1,W4-17_hof,-1,W4-17_al,-112.34
HAT707_624,1,W4-17_oh,1,W4-17_t-hooo,-1,W4-17_hoo,-1,W4-17_hoo,10.56
HAT707_625,1,W4-17_oh,1,W4-17_o3,-1,W4-17_hoo,-1,W4-17_o2,41.72
HAT707_626,1,W4-17_oh,1,W4-17_hooh,-1,W4-17_hoo,-1,W4-17_h2o,32.21
HAT707_627,1,W4-17_oh,1,W4-17_h2o,-1,W4-17_hoo,-1,W4-17_h2,-55.16
HAT707_628,1,W4-17_oh,1,W4-17_t-n2h2,-1,W4-17_hno,-1,W4-17_nh2,-15.26
HAT707_629,1,W4-17_oh,1,W4-17_propyne,-1,W4-17_hco,-1,W4-17_c2h4,30.70
HAT707_630,1,W4-17_oh,1,W4-17_propene,-1,W4-17_hco,-1,W4-17_c2h6,23.72
HAT707_631,1,W4-17_oh,1,W4-17_c2h3f,-1,W4-17_hof,-1,W4-17_ch2ch,-76.37
HAT707_632,1,W4-17_oh,1,W4-17_c2h3f,-1,W4-17_hco,-1,W4-17_ch3f,21.28
HAT707_633,1,W4-17_oh,1,W4-17_c2h4,-1,W4-17_hco,-1,W4-17_ch4,28.54
HAT707_634,1,W4-17_oh,1,W4-17_ch2ch,-1,W4-17_hco,-1,W4-17_ch3,34.00
HAT707_635,1,W4-17_oh,1,W4-17_fccf,-1,W4-17_hco,-1,W4-17_cf2,44.91
HAT707_636,1,W4-17_oh,1,W4-17_hccf,-1,W4-17_hof,-1,W4-17_cch,-80.86
HAT707_637,1,W4-17_oh,1,W4-17_c2h2,-1,W4-17_hco,-1,W4-17_ch2-trip,-42.57
HAT707_638,1,W4-17_oh,1,W4-17_ccl2,-1,W4-17_hco,-1,W4-17_cl2,54.61
HAT707_639,1,W4-17_oh,1,W4-17_cf2,-1,W4-17_hco,-1,W4-17_f2,-47.53
HAT707_640,1,W4-17_oh,1,W4-17_cf2,-1,W4-17_hof,-1,W4-17_cf,-74.62
HAT707_641,1,W4-17_oh,1,W4-17_ch2-trip,-1,W4-17_hco,-1,W4-17_h2,90.96
HAT707_642,1,W4-17_oh,1,W4-17_sif,-1,W4-17_hof,-1,W4-17_si,-91.26
HAT707_643,1,W4-17_oh,1,W4-17_clcn,-1,W4-17_hocl,-1,W4-17_cn,-45.07
HAT707_644,1,W4-17_oh,1,W4-17_cf,-1,W4-17_hof,-1,W4-17_c,-81.28
HAT707_645,1,W4-17_oh,1,W4-17_cf,-1,W4-17_hco,-1,W4-17_f,39.49
HAT707_646,1,W4-17_oh,1,W4-17_bf,-1,W4-17_hof,-1,W4-17_b,-131.07
HAT707_647,1,W4-17_oh,1,W4-17_bn3pi,-1,W4-17_hno,-1,W4-17_b,-7.13
HAT707_648,1,W4-17_oh,1,W4-17_s2o,-1,W4-17_hoo,-1,W4-17_s2,-36.20
HAT707_649,1,W4-17_oh,1,W4-17_so3,-1,W4-17_hoo,-1,W4-17_so2,-18.00
HAT707_650,1,W4-17_oh,1,W4-17_so2,-1,W4-17_hoo,-1,W4-17_so,-65.83
HAT707_651,1,W4-17_oh,1,W4-17_so,-1,W4-17_hoo,-1,W4-17_s,-58.14
HAT707_652,1,W4-17_oh,1,W4-17_cl2,-1,W4-17_hocl,-1,W4-17_cl,-0.73
HAT707_653,1,W4-17_oh,1,W4-17_clf,-1,W4-17_hocl,-1,W4-17_f,-3.78
HAT707_654,1,W4-17_oh,1,W4-17_clf,-1,W4-17_hof,-1,W4-17_cl,-11.35
HAT707_655,1,W4-17_oh,1,W4-17_f2,-1,W4-17_hof,-1,W4-17_f,12.40
HAT707_656,1,W4-17_oh,1,W4-17_o2,-1,W4-17_hoo,-1,W4-17_o,-52.50
HAT707_657,1,W4-17_oh,1,W4-17_n2,-1,W4-17_hno,-1,W4-17_n,-129.80
HAT707_658,1,W4-17_of,1,W4-17_ch3f,-1,W4-17_f2o,-1,W4-17_ch3,-74.38
HAT707_659,1,W4-17_of,1,W4-17_foof,-1,W4-17_f2o,-1,W4-17_fo2,23.06
HAT707_660,1,W4-17_of,1,W4-17_fo2,-1,W4-17_f2o,-1,W4-17_o2,26.81
HAT707_661,1,W4-17_of,1,W4-17_oclo,-1,W4-17_fo2,-1,W4-17_clo,18.97
HAT707_662,1,W4-17_of,1,W4-17_cl2o,-1,W4-17_fo2,-1,W4-17_cl2,39.94
HAT707_663,1,W4-17_of,1,W4-17_f2o,-1,W4-17_fo2,-1,W4-17_f2,26.91
HAT707_664,1,W4-17_of,1,W4-17_hocl,-1,W4-17_fo2,-1,W4-17_hcl,22.92
HAT707_665,1,W4-17_of,1,W4-17_hof,-1,W4-17_fo2,-1,W4-17_hf,64.63
HAT707_666,1,W4-17_of,1,W4-17_clo,-1,W4-17_fo2,-1,W4-17_cl,16.20
HAT707_667,1,W4-17_of,1,W4-17_of,-1,W4-17_f2o,-1,W4-17_o,-12.37
HAT707_668,1,W4-17_of,1,W4-17_of,-1,W4-17_fo2,-1,W4-17_f,28.57
HAT707_669,1,W4-17_of,1,W4-17_no2,-1,W4-17_fo2,-1,W4-17_no,6.51
HAT707_670,1,W4-17_of,1,W4-17_n2o,-1,W4-17_fo2,-1,W4-17_n2,39.28
HAT707_671,1,W4-17_of,1,W4-17_t-hono,-1,W4-17_fo2,-1,W4-17_hno,-25.11
HAT707_672,1,W4-17_of,1,W4-17_hnco,-1,W4-17_fo2,-1,W4-17_hcn,-39.67
HAT707_673,1,W4-17_of,1,W4-17_no,-1,W4-17_fo2,-1,W4-17_n,-71.10
HAT707_674,1,W4-17_of,1,W4-17_oxirene,-1,W4-17_fo2,-1,W4-17_c2h2,31.10
HAT707_675,1,W4-17_of,1,W4-17_oxirane,-1,W4-17_fo2,-1,W4-17_c2h4,-5.79
HAT707_676,1,W4-17_of,1,W4-17_methanol,-1,W4-17_fo2,-1,W4-17_ch4,-11.44
HAT707_677,1,W4-17_of,1,W4-17_t-hcoh,-1,W4-17_fo2,-1,W4-17_ch2-trip,-50.09
HAT707_678,1,W4-17_of,1,W4-17_formic,-1,W4-17_fo2,-1,W4-17_t-hcoh,-97.78
HAT707_679,1,W4-17_of,1,W4-17_ketene,-1,W4-17_fo2,-1,W4-17_ch2c,-91.88
HAT707_680,1,W4-17_of,1,W4-17_glyoxal,-1,W4-17_fo2,-1,W4-17_oxirene,-97.38
HAT707_681,1,W4-17_of,1,W4-17_acetaldehyde,-1,W4-17_fo2,-1,W4-17_c2h4,-32.12
HAT707_682,1,W4-17_of,1,W4-17_f2co,-1,W4-17_fo2,-1,W4-17_cf2,-80.21
HAT707_683,1,W4-17_of,1,W4-17_hcof,-1,W4-17_f2o,-1,W4-17_hco,-83.62
HAT707_684,1,W4-17_of,1,W4-17_h2co,-1,W4-17_fo2,-1,W4-17_ch2-trip,-102.27
HAT707_685,1,W4-17_of,1,W4-17_hco,-1,W4-17_fo2,-1,W4-17_ch,-113.56
HAT707_686,1,W4-17_of,1,W4-17_ocs,-1,W4-17_fo2,-1,W4-17_cs,-81.88
HAT707_687,1,W4-17_of,1,W4-17_co2,-1,W4-17_fo2,-1,W4-17_co,-48.77
HAT707_688,1,W4-17_of,1,W4-17_sio,-1,W4-17_fo2,-1,W4-17_si,-111.41
HAT707_689,1,W4-17_of,1,W4-17_co,-1,W4-17_fo2,-1,W4-17_c,-178.08
HAT707_690,1,W4-17_of,1,W4-17_alf,-1,W4-17_f2o,-1,W4-17_al,-123.08
HAT707_691,1,W4-17_of,1,W4-17_t-hooo,-1,W4-17_fo2,-1,W4-17_hoo,23.88
HAT707_692,1,W4-17_of,1,W4-17_o3,-1,W4-17_fo2,-1,W4-17_o2,55.04
HAT707_693,1,W4-17_of,1,W4-17_hooh,-1,W4-17_fo2,-1,W4-17_h2o,45.53
HAT707_694,1,W4-17_of,1,W4-17_h2o,-1,W4-17_fo2,-1,W4-17_h2,-41.84
HAT707_695,1,W4-17_of,1,W4-17_c2h3f,-1,W4-17_f2o,-1,W4-17_ch2ch,-87.11
HAT707_696,1,W4-17_of,1,W4-17_hccf,-1,W4-17_f2o,-1,W4-17_cch,-91.60
HAT707_697,1,W4-17_of,1,W4-17_cf2,-1,W4-17_f2o,-1,W4-17_cf,-85.36
HAT707_698,1,W4-17_of,1,W4-17_sif,-1,W4-17_f2o,-1,W4-17_si,-102.00
HAT707_699,1,W4-17_of,1,W4-17_cf,-1,W4-17_f2o,-1,W4-17_c,-92.02
HAT707_700,1,W4-17_of,1,W4-17_bf,-1,W4-17_f2o,-1,W4-17_b,-141.81
HAT707_701,1,W4-17_of,1,W4-17_s2o,-1,W4-17_fo2,-1,W4-17_s2,-22.88
HAT707_702,1,W4-17_of,1,W4-17_so3,-1,W4-17_fo2,-1,W4-17_so2,-4.68
HAT707_703,1,W4-17_of,1,W4-17_so2,-1,W4-17_fo2,-1,W4-17_so,-52.51
HAT707_704,1,W4-17_of,1,W4-17_so,-1,W4-17_fo2,-1,W4-17_s,-44.82
HAT707_705,1,W4-17_of,1,W4-17_clf,-1,W4-17_f2o,-1,W4-17_cl,-22.09
HAT707_706,1,W4-17_of,1,W4-17_f2,-1,W4-17_f2o,-1,W4-17_f,1.66
HAT707_707,1,W4-17_of,1,W4-17_o2,-1,W4-17_fo2,-1,W4-17_o,-39.18
ISOMERIZATION20_1,1,W4-17_oclo,-1,W4-17_cloo,-1.74
ISOMERIZATION20_2,1,W4-17_t-hono,-1,W4-17_c-hono,-0.43
ISOMERIZATION20_3,1,W4-17_hcn,-1,W4-17_hnc,-15.21
ISOMERIZATION20_4,1,W4-17_hnco,-1,W4-17_hocn,-24.67
ISOMERIZATION20_5,1,W4-17_hnco,-1,W4-17_honc,-84.59
ISOMERIZATION20_6,1,W4-17_hnco,-1,W4-17_hcno,-69.77
ISOMERIZATION20_7,1,W4-17_hocn,-1,W4-17_honc,-59.92
ISOMERIZATION20_8,1,W4-17_hocn,-1,W4-17_hcno,-45.10
ISOMERIZATION20_9,1,W4-17_hcno,-1,W4-17_honc,-14.82
ISOMERIZATION20_10,1,W4-17_h2co,-1,W4-17_t-hcoh,-52.18
ISOMERIZATION20_11,1,W4-17_t-hcoh,-1,W4-17_c-hcoh,-4.83
ISOMERIZATION20_12,1,W4-17_c2h2,-1,W4-17_ch2c,-45.59
ISOMERIZATION20_13,1,W4-17_t-hooo,-1,W4-17_c-hooo,-0.21
ISOMERIZATION20_14,1,W4-17_t-n2h2,-1,W4-17_c-n2h2,-5.40
ISOMERIZATION20_15,1,W4-17_propyne,-1,W4-17_allene,-1.50
ISOMERIZATION20_16,1,W4-17_formic,-1,W4-17_dioxirane,-91.87
ISOMERIZATION20_17,1,W4-17_ketene,-1,W4-17_oxirene,-77.39
ISOMERIZATION20_18,1,W4-17_acetaldehyde,-1,W4-17_oxirane,-26.34
ISOMERIZATION20_19,1,W4-17_h2cn,-1,W4-17_hcnh,-7.50
ISOMERIZATION20_20,1,W4-17_ch2nh2,-1,W4-17_ch3nh,-7.65
SN13_1,1,W4-17_ch3f,1,W4-17_h,-1,W4-17_f,-1,W4-17_ch4,-2.54
SN13_2,1,W4-17_ch2f2,1,W4-17_h,-1,W4-17_f,-1,W4-17_ch3f,-14.71
SN13_3,1,W4-17_ch3f,1,W4-17_ch3,-1,W4-17_f,-1,W4-17_c2h6,-17.75
SN13_4,1,W4-17_ch2f2,1,W4-17_ch3,-1,W4-17_f,-1,W4-17_c2h5f,-24.04
SN13_5,1,W4-17_c2h5f,1,W4-17_ch3,-1,W4-17_f,-1,W4-17_propane,-21.46
SN13_6,1,W4-17_ch3f,1,W4-17_nh2,-1,W4-17_f,-1,W4-17_ch3nh2,-23.25
SN13_7,1,W4-17_ch3f,1,W4-17_nh,-1,W4-17_f,-1,W4-17_ch3nh,-31.43
SN13_8,1,W4-17_ch3f,1,W4-17_oh,-1,W4-17_f,-1,W4-17_methanol,-16.67
SN13_9,1,W4-17_ch3f,1,W4-17_hco,-1,W4-17_f,-1,W4-17_acetaldehyde,-24.52
SN13_10,1,W4-17_ch3,1,W4-17_hcof,-1,W4-17_f,-1,W4-17_acetaldehyde,-33.75
SN13_11,1,W4-17_hcof,1,W4-17_h,-1,W4-17_f,-1,W4-17_h2co,-29.08
SN13_12,1,W4-17_f2co,1,W4-17_h,-1,W4-17_f,-1,W4-17_hcof,-16.89
SN13_13,1,W4-17_hcof,1,W4-17_hco,-1,W4-17_f,-1,W4-17_glyoxal,-48.06
