TAE_W4-17_1,-1,W4-17_acetaldehyde,2,W4-17_c,1,W4-17_o,4,W4-17_h,2836.12
TAE_W4-17_2,-1,W4-17_acetic,2,W4-17_c,2,W4-17_o,4,W4-17_h,3363.81
TAE_W4-17_3,-1,W4-17_alcl,1,W4-17_al,1,W4-17_cl,513.04
TAE_W4-17_4,-1,W4-17_alcl3,1,W4-17_al,3,W4-17_cl,1308.09
TAE_W4-17_5,-1,W4-17_alf,1,W4-17_al,1,W4-17_f,685.30
TAE_W4-17_6,-1,W4-17_alf3,1,W4-17_al,3,W4-17_f,1803.14
TAE_W4-17_7,-1,W4-17_alh,1,W4-17_al,1,W4-17_h,307.86
TAE_W4-17_8,-1,W4-17_alh3,1,W4-17_al,3,W4-17_h,891.90
TAE_W4-17_9,-1,W4-17_allene,3,W4-17_c,4,W4-17_h,2945.83
TAE_W4-17_10,-1,W4-17_allyl,3,W4-17_c,5,W4-17_h,3208.52
TAE_W4-17_11,-1,W4-17_b2,2,W4-17_b,282.29
TAE_W4-17_12,-1,W4-17_b2h6,2,W4-17_b,6,W4-17_h,2539.77
TAE_W4-17_13,-1,W4-17_be2,2,W4-17_be,11.17
TAE_W4-17_14,-1,W4-17_becl2,1,W4-17_be,2,W4-17_cl,942.55
TAE_W4-17_15,-1,W4-17_bef2,1,W4-17_be,2,W4-17_f,1293.27
TAE_W4-17_16,-1,W4-17_benzene,6,W4-17_c,6,W4-17_h,5727.06
TAE_W4-17_17,-1,W4-17_beta-lactim,3,W4-17_c,5,W4-17_h,1,W4-17_o,1,W4-17_n,4158.33
TAE_W4-17_18,-1,W4-17_bf,1,W4-17_b,1,W4-17_f,763.71
TAE_W4-17_19,-1,W4-17_bf3,1,W4-17_b,3,W4-17_f,1970.50
TAE_W4-17_20,-1,W4-17_bh,1,W4-17_b,1,W4-17_h,355.56
TAE_W4-17_21,-1,W4-17_bh3,1,W4-17_b,3,W4-17_h,1176.88
TAE_W4-17_22,-1,W4-17_bhf2,1,W4-17_b,1,W4-17_h,2,W4-17_f,1719.46
TAE_W4-17_23,-1,W4-17_bn,1,W4-17_b,1,W4-17_n,440.32
TAE_W4-17_24,-1,W4-17_bn3pi,1,W4-17_b,1,W4-17_n,442.71
TAE_W4-17_25,-1,W4-17_borole,4,W4-17_c,5,W4-17_h,1,W4-17_b,4425.29
TAE_W4-17_26,-1,W4-17_c-hcoh,1,W4-17_c,1,W4-17_o,2,W4-17_h,1329.01
TAE_W4-17_27,-1,W4-17_c-hono,1,W4-17_h,1,W4-17_n,2,W4-17_o,1306.12
TAE_W4-17_28,-1,W4-17_c-hooo,1,W4-17_h,3,W4-17_o,975.17
TAE_W4-17_29,-1,W4-17_c-n2h2,2,W4-17_h,2,W4-17_n,1217.88
TAE_W4-17_30,-1,W4-17_c2,2,W4-17_c,615.17
TAE_W4-17_31,-1,W4-17_c2cl2,2,W4-17_c,2,W4-17_cl,1466.85
TAE_W4-17_32,-1,W4-17_c2cl4,2,W4-17_c,4,W4-17_cl,1973.84
TAE_W4-17_33,-1,W4-17_c2cl6,2,W4-17_c,6,W4-17_cl,2348.50
TAE_W4-17_34,-1,W4-17_c2clh,2,W4-17_c,1,W4-17_h,1,W4-17_cl,1583.71
TAE_W4-17_35,-1,W4-17_c2clh3,2,W4-17_c,3,W4-17_h,1,W4-17_cl,2277.42
TAE_W4-17_36,-1,W4-17_c2clh5,2,W4-17_c,5,W4-17_h,1,W4-17_cl,2899.15
TAE_W4-17_37,-1,W4-17_c2f4,2,W4-17_c,4,W4-17_f,2468.84
TAE_W4-17_38,-1,W4-17_c2f6,2,W4-17_c,6,W4-17_f,3313.49
TAE_W4-17_39,-1,W4-17_c2h2,2,W4-17_c,2,W4-17_h,1696.78
TAE_W4-17_40,-1,W4-17_c2h3f,2,W4-17_c,1,W4-17_f,3,W4-17_h,2401.07
TAE_W4-17_41,-1,W4-17_c2h4,2,W4-17_c,4,W4-17_h,2360.19
TAE_W4-17_42,-1,W4-17_c2h5f,2,W4-17_c,5,W4-17_h,1,W4-17_f,3018.67
TAE_W4-17_43,-1,W4-17_c2h6,2,W4-17_c,6,W4-17_h,2983.36
TAE_W4-17_44,-1,W4-17_cch,2,W4-17_c,1,W4-17_h,1113.66
TAE_W4-17_45,-1,W4-17_ccl2,1,W4-17_c,2,W4-17_cl,741.91
TAE_W4-17_46,-1,W4-17_ccl2h2,1,W4-17_c,2,W4-17_cl,2,W4-17_h,1555.20
TAE_W4-17_47,-1,W4-17_ccl2o,1,W4-17_c,2,W4-17_cl,1,W4-17_o,1452.20
TAE_W4-17_48,-1,W4-17_ccl3h,1,W4-17_c,3,W4-17_cl,1,W4-17_h,1445.22
TAE_W4-17_49,-1,W4-17_ccl4,1,W4-17_c,4,W4-17_cl,1319.71
TAE_W4-17_50,-1,W4-17_cclh3,1,W4-17_c,1,W4-17_cl,3,W4-17_h,1657.06
TAE_W4-17_51,-1,W4-17_cf,1,W4-17_c,1,W4-17_f,555.26
TAE_W4-17_52,-1,W4-17_cf2,1,W4-17_c,2,W4-17_f,1082.69
TAE_W4-17_53,-1,W4-17_cf2cl2,1,W4-17_c,2,W4-17_cl,2,W4-17_f,1641.12
TAE_W4-17_54,-1,W4-17_cf4,1,W4-17_c,4,W4-17_f,2003.05
TAE_W4-17_55,-1,W4-17_ch,1,W4-17_c,1,W4-17_h,352.38
TAE_W4-17_56,-1,W4-17_ch2-sing,1,W4-17_c,2,W4-17_h,759.15
TAE_W4-17_57,-1,W4-17_ch2-trip,1,W4-17_c,2,W4-17_h,798.06
TAE_W4-17_58,-1,W4-17_ch2c,2,W4-17_c,2,W4-17_h,1505.91
TAE_W4-17_59,-1,W4-17_ch2ch,2,W4-17_c,3,W4-17_h,1866.40
TAE_W4-17_60,-1,W4-17_ch2clf,1,W4-17_c,1,W4-17_cl,1,W4-17_f,2,W4-17_h,1685.47
TAE_W4-17_61,-1,W4-17_ch2f2,1,W4-17_c,2,W4-17_f,2,W4-17_h,1832.32
TAE_W4-17_62,-1,W4-17_ch2nh,1,W4-17_c,1,W4-17_n,3,W4-17_h,1838.66
TAE_W4-17_63,-1,W4-17_ch2nh2,1,W4-17_c,1,W4-17_n,4,W4-17_h,2017.69
TAE_W4-17_64,-1,W4-17_ch3,1,W4-17_c,3,W4-17_h,1288.13
TAE_W4-17_65,-1,W4-17_ch3f,1,W4-17_c,1,W4-17_f,3,W4-17_h,1769.66
TAE_W4-17_66,-1,W4-17_ch3nh,1,W4-17_c,1,W4-17_n,4,W4-17_h,1985.73
TAE_W4-17_67,-1,W4-17_ch3nh2,1,W4-17_c,1,W4-17_n,5,W4-17_h,2436.18
TAE_W4-17_68,-1,W4-17_ch3ph2,1,W4-17_c,5,W4-17_h,1,W4-17_p,2256.44
TAE_W4-17_69,-1,W4-17_ch4,1,W4-17_c,4,W4-17_h,1759.12
TAE_W4-17_70,-1,W4-17_chf3,1,W4-17_c,1,W4-17_h,3,W4-17_f,1922.82
TAE_W4-17_71,-1,W4-17_cis-c2f2cl2,2,W4-17_c,2,W4-17_cl,2,W4-17_f,2213.42
TAE_W4-17_72,-1,W4-17_cl2,2,W4-17_cl,249.99
TAE_W4-17_73,-1,W4-17_cl2o,2,W4-17_cl,1,W4-17_o,424.38
TAE_W4-17_74,-1,W4-17_clcn,1,W4-17_cl,1,W4-17_c,1,W4-17_n,1194.20
TAE_W4-17_75,-1,W4-17_clcof,1,W4-17_c,1,W4-17_cl,1,W4-17_f,1,W4-17_o,1604.05
TAE_W4-17_76,-1,W4-17_clf,1,W4-17_cl,1,W4-17_f,262.76
TAE_W4-17_77,-1,W4-17_clf3,3,W4-17_f,1,W4-17_cl,537.84
TAE_W4-17_78,-1,W4-17_clf5,5,W4-17_f,1,W4-17_cl,781.55
TAE_W4-17_79,-1,W4-17_clno,1,W4-17_cl,1,W4-17_n,1,W4-17_o,803.15
TAE_W4-17_80,-1,W4-17_clo,1,W4-17_cl,1,W4-17_o,273.80
TAE_W4-17_81,-1,W4-17_clo3,3,W4-17_o,1,W4-17_cl,710.59
TAE_W4-17_82,-1,W4-17_cloo,1,W4-17_cl,2,W4-17_o,528.61
TAE_W4-17_83,-1,W4-17_cloocl,2,W4-17_o,2,W4-17_cl,623.94
TAE_W4-17_84,-1,W4-17_cn,1,W4-17_c,1,W4-17_n,758.81
TAE_W4-17_85,-1,W4-17_co,1,W4-17_c,1,W4-17_o,1086.71
TAE_W4-17_86,-1,W4-17_co2,1,W4-17_c,2,W4-17_o,1632.35
TAE_W4-17_87,-1,W4-17_cs,1,W4-17_c,1,W4-17_s,720.53
TAE_W4-17_88,-1,W4-17_cs2,1,W4-17_c,2,W4-17_s,1174.70
TAE_W4-17_89,-1,W4-17_cyclobutadiene,4,W4-17_c,4,W4-17_h,3434.39
TAE_W4-17_90,-1,W4-17_cyclobutane,4,W4-17_c,8,W4-17_h,4813.26
TAE_W4-17_91,-1,W4-17_cyclobutene,4,W4-17_c,6,W4-17_h,4190.45
TAE_W4-17_92,-1,W4-17_cyclopentadiene,5,W4-17_c,6,W4-17_h,4945.07
TAE_W4-17_93,-1,W4-17_cyclopropane,3,W4-17_c,6,W4-17_h,3573.00
TAE_W4-17_94,-1,W4-17_cyclopropene,3,W4-17_c,4,W4-17_h,2853.24
TAE_W4-17_95,-1,W4-17_cyclopropyl,3,W4-17_c,5,W4-17_h,3086.61
TAE_W4-17_96,-1,W4-17_dioxetan2one,2,W4-17_c,2,W4-17_h,3,W4-17_o,3151.04
TAE_W4-17_97,-1,W4-17_dioxetane,2,W4-17_c,4,W4-17_h,2,W4-17_o,3138.01
TAE_W4-17_98,-1,W4-17_dioxirane,1,W4-17_c,2,W4-17_o,2,W4-17_h,1715.48
TAE_W4-17_99,-1,W4-17_dithiotane,2,W4-17_c,4,W4-17_h,2,W4-17_s,2863.49
TAE_W4-17_100,-1,W4-17_ethanol,2,W4-17_c,1,W4-17_o,6,W4-17_h,3394.06
TAE_W4-17_101,-1,W4-17_f2,2,W4-17_f,163.39
TAE_W4-17_102,-1,W4-17_f2co,1,W4-17_c,1,W4-17_o,2,W4-17_f,1759.83
TAE_W4-17_103,-1,W4-17_f2o,2,W4-17_f,1,W4-17_o,392.38
TAE_W4-17_104,-1,W4-17_fccf,2,W4-17_c,2,W4-17_f,1615.28
TAE_W4-17_105,-1,W4-17_fno,1,W4-17_f,1,W4-17_n,1,W4-17_o,901.35
TAE_W4-17_106,-1,W4-17_fo2,1,W4-17_f,2,W4-17_o,563.54
TAE_W4-17_107,-1,W4-17_foof,2,W4-17_f,2,W4-17_o,637.39
TAE_W4-17_108,-1,W4-17_formamide,1,W4-17_c,3,W4-17_h,1,W4-17_o,1,W4-17_n,2377.14
TAE_W4-17_109,-1,W4-17_formic,1,W4-17_c,2,W4-17_o,2,W4-17_h,2099.82
TAE_W4-17_110,-1,W4-17_formic-anhydride,2,W4-17_c,2,W4-17_h,3,W4-17_o,3167.32
TAE_W4-17_111,-1,W4-17_furan,4,W4-17_c,4,W4-17_h,1,W4-17_o,4163.60
TAE_W4-17_112,-1,W4-17_glyoxal,2,W4-17_c,2,W4-17_o,2,W4-17_h,2657.05
TAE_W4-17_113,-1,W4-17_h2,2,W4-17_h,458.15
TAE_W4-17_114,-1,W4-17_h2ccn,2,W4-17_c,2,W4-17_h,1,W4-17_n,2144.94
TAE_W4-17_115,-1,W4-17_h2cn,2,W4-17_h,1,W4-17_c,1,W4-17_n,1438.08
TAE_W4-17_116,-1,W4-17_h2co,2,W4-17_h,1,W4-17_c,1,W4-17_o,1567.54
TAE_W4-17_117,-1,W4-17_h2no,2,W4-17_h,1,W4-17_n,1,W4-17_o,1150.47
TAE_W4-17_118,-1,W4-17_h2o,2,W4-17_h,1,W4-17_o,974.79
TAE_W4-17_119,-1,W4-17_h2s,2,W4-17_h,1,W4-17_s,769.48
TAE_W4-17_120,-1,W4-17_hccf,2,W4-17_c,1,W4-17_f,1,W4-17_h,1667.12
TAE_W4-17_121,-1,W4-17_hcl,1,W4-17_h,1,W4-17_cl,449.74
TAE_W4-17_122,-1,W4-17_hclo4,1,W4-17_h,1,W4-17_cl,4,W4-17_o,1403.36
TAE_W4-17_123,-1,W4-17_hcn,1,W4-17_h,1,W4-17_c,1,W4-17_n,1311.35
TAE_W4-17_124,-1,W4-17_hcnh,1,W4-17_c,1,W4-17_n,2,W4-17_h,1406.70
TAE_W4-17_125,-1,W4-17_hcno,1,W4-17_c,1,W4-17_o,1,W4-17_n,1,W4-17_h,1526.78
TAE_W4-17_126,-1,W4-17_hco,1,W4-17_h,1,W4-17_c,1,W4-17_o,1169.135273
TAE_W4-17_127,-1,W4-17_hcof,1,W4-17_c,1,W4-17_o,1,W4-17_f,1,W4-17_h,1689.16
TAE_W4-17_128,-1,W4-17_hf,1,W4-17_h,1,W4-17_f,592.62
TAE_W4-17_129,-1,W4-17_hnc,1,W4-17_h,1,W4-17_c,1,W4-17_n,1247.59
TAE_W4-17_130,-1,W4-17_hnco,1,W4-17_c,1,W4-17_o,1,W4-17_n,1,W4-17_h,1818.70
TAE_W4-17_131,-1,W4-17_hnnn,1,W4-17_h,3,W4-17_n,1387.92
TAE_W4-17_132,-1,W4-17_hno,1,W4-17_h,1,W4-17_n,1,W4-17_o,861.49
TAE_W4-17_133,-1,W4-17_hocl,1,W4-17_h,1,W4-17_o,1,W4-17_cl,695.51
TAE_W4-17_134,-1,W4-17_hoclo,1,W4-17_h,2,W4-17_o,1,W4-17_cl,854.75
TAE_W4-17_135,-1,W4-17_hoclo2,1,W4-17_h,3,W4-17_o,1,W4-17_cl,1142.97
TAE_W4-17_136,-1,W4-17_hocn,1,W4-17_c,1,W4-17_o,1,W4-17_n,1,W4-17_h,1715.52
TAE_W4-17_137,-1,W4-17_hof,1,W4-17_h,1,W4-17_o,1,W4-17_f,663.83
TAE_W4-17_138,-1,W4-17_honc,1,W4-17_c,1,W4-17_o,1,W4-17_n,1,W4-17_h,1464.86
TAE_W4-17_139,-1,W4-17_hoo,1,W4-17_h,2,W4-17_o,734.46
TAE_W4-17_140,-1,W4-17_hooh,2,W4-17_h,2,W4-17_o,1125.83
TAE_W4-17_141,-1,W4-17_hs,1,W4-17_h,1,W4-17_s,367.06
TAE_W4-17_142,-1,W4-17_ketene,2,W4-17_c,1,W4-17_o,2,W4-17_h,2231.91
TAE_W4-17_143,-1,W4-17_methanol,1,W4-17_c,1,W4-17_o,4,W4-17_h,2148.36
TAE_W4-17_144,-1,W4-17_n-butane,4,W4-17_c,10,W4-17_h,5450.20
TAE_W4-17_145,-1,W4-17_n-pentane,5,W4-17_c,12,W4-17_h,6683.14
TAE_W4-17_146,-1,W4-17_n2,2,W4-17_n,955.96
TAE_W4-17_147,-1,W4-17_n2h,2,W4-17_n,1,W4-17_h,940.65
TAE_W4-17_148,-1,W4-17_n2h4,4,W4-17_h,2,W4-17_n,1833.60
TAE_W4-17_149,-1,W4-17_n2o,2,W4-17_n,1,W4-17_o,1133.24
TAE_W4-17_150,-1,W4-17_n2o4,2,W4-17_n,4,W4-17_o,1973.47
TAE_W4-17_151,-1,W4-17_nccn,2,W4-17_n,2,W4-17_c,2100.20
TAE_W4-17_152,-1,W4-17_nh,1,W4-17_n,1,W4-17_h,347.65
TAE_W4-17_153,-1,W4-17_nh2,1,W4-17_n,2,W4-17_h,763.91
TAE_W4-17_154,-1,W4-17_nh2cl,1,W4-17_n,1,W4-17_cl,2,W4-17_h,1037.80
TAE_W4-17_155,-1,W4-17_nh2f,1,W4-17_n,2,W4-17_h,1,W4-17_f,1073.07
TAE_W4-17_156,-1,W4-17_nh2oh,1,W4-17_n,3,W4-17_h,1,W4-17_o,1505.08
TAE_W4-17_157,-1,W4-17_nh3,1,W4-17_n,3,W4-17_h,1246.87
TAE_W4-17_158,-1,W4-17_no,1,W4-17_n,1,W4-17_o,639.11
TAE_W4-17_159,-1,W4-17_no2,1,W4-17_n,2,W4-17_o,953.41
TAE_W4-17_160,-1,W4-17_o2,2,W4-17_o,505.51
TAE_W4-17_161,-1,W4-17_o3,3,W4-17_o,616.85
TAE_W4-17_162,-1,W4-17_oclo,2,W4-17_o,1,W4-17_cl,535.93
TAE_W4-17_163,-1,W4-17_ocs,1,W4-17_o,1,W4-17_c,1,W4-17_s,1404.69
TAE_W4-17_164,-1,W4-17_of,1,W4-17_o,1,W4-17_f,222.04
TAE_W4-17_165,-1,W4-17_oh,1,W4-17_o,1,W4-17_h,448.52
TAE_W4-17_166,-1,W4-17_oxadiazole,2,W4-17_c,2,W4-17_h,2,W4-17_n,1,W4-17_o,2954.19
TAE_W4-17_167,-1,W4-17_oxetane,3,W4-17_c,6,W4-17_h,1,W4-17_o,3967.01
TAE_W4-17_168,-1,W4-17_oxirane,2,W4-17_c,1,W4-17_o,4,W4-17_h,2725.83
TAE_W4-17_169,-1,W4-17_oxirene,2,W4-17_c,1,W4-17_o,2,W4-17_h,1908.03
TAE_W4-17_170,-1,W4-17_p2,2,W4-17_p,492.08
TAE_W4-17_171,-1,W4-17_p4,4,W4-17_p,1215.75
TAE_W4-17_172,-1,W4-17_pf3,1,W4-17_p,3,W4-17_f,1529.67
TAE_W4-17_173,-1,W4-17_pf5,1,W4-17_p,5,W4-17_f,2349.59
TAE_W4-17_174,-1,W4-17_ph3,1,W4-17_p,3,W4-17_h,1013.66
TAE_W4-17_175,-1,W4-17_propane,3,W4-17_c,8,W4-17_h,4217.01
TAE_W4-17_176,-1,W4-17_propene,3,W4-17_c,6,W4-17_h,3604.73
TAE_W4-17_177,-1,W4-17_propyne,3,W4-17_c,4,W4-17_h,2952.11
TAE_W4-17_178,-1,W4-17_pyrrole,4,W4-17_c,5,W4-17_h,1,W4-17_n,4488.59
TAE_W4-17_179,-1,W4-17_s2,2,W4-17_s,436.18
TAE_W4-17_180,-1,W4-17_s2o,2,W4-17_s,1,W4-17_o,873.41
TAE_W4-17_181,-1,W4-17_s3,3,W4-17_s,704.38
TAE_W4-17_182,-1,W4-17_s4-c2v,4,W4-17_s,980.44
TAE_W4-17_183,-1,W4-17_sf6,1,W4-17_s,6,W4-17_f,2031.02
TAE_W4-17_184,-1,W4-17_si2h6,2,W4-17_si,6,W4-17_h,2242.12
TAE_W4-17_185,-1,W4-17_sif,1,W4-17_si,1,W4-17_f,597.14
TAE_W4-17_186,-1,W4-17_sif4,1,W4-17_si,4,W4-17_f,2417.35
TAE_W4-17_187,-1,W4-17_sih,1,W4-17_si,1,W4-17_h,309.32
TAE_W4-17_188,-1,W4-17_sih3f,1,W4-17_si,3,W4-17_h,1,W4-17_f,1601.38
TAE_W4-17_189,-1,W4-17_sih4,1,W4-17_si,4,W4-17_h,1359.59
TAE_W4-17_190,-1,W4-17_silole,4,W4-17_c,6,W4-17_h,1,W4-17_si,4606.19
TAE_W4-17_191,-1,W4-17_sio,1,W4-17_si,1,W4-17_o,807.68
TAE_W4-17_192,-1,W4-17_so,1,W4-17_s,1,W4-17_o,529.15
TAE_W4-17_193,-1,W4-17_so2,1,W4-17_s,2,W4-17_o,1090.27
TAE_W4-17_194,-1,W4-17_so3,1,W4-17_s,3,W4-17_o,1451.39
TAE_W4-17_195,-1,W4-17_ssh,2,W4-17_s,1,W4-17_h,690.95
TAE_W4-17_196,-1,W4-17_t-butadiene,4,W4-17_c,6,W4-17_h,4238.68
TAE_W4-17_197,-1,W4-17_t-hcoh,1,W4-17_c,1,W4-17_o,2,W4-17_h,1349.17
TAE_W4-17_198,-1,W4-17_t-hono,1,W4-17_h,1,W4-17_n,2,W4-17_o,1307.96
TAE_W4-17_199,-1,W4-17_t-hooo,1,W4-17_h,3,W4-17_o,976.00
TAE_W4-17_200,-1,W4-17_t-n2h2,2,W4-17_h,2,W4-17_n,1240.51
TAE_W4-17_201,-1,W4-17_tetrahedrane,4,W4-17_c,4,W4-17_h,3319.96
TAE_W4-17_202,-1,W4-17_thiophene,4,W4-17_c,4,W4-17_h,1,W4-17_s,4037.51
TAE_W4-17_203,-1,W4-17_trans-c2f2cl2,2,W4-17_c,2,W4-17_f,2,W4-17_cl,2214.97
BDE99_1,1,W4-17_foof,-1,W4-17_f,-1,W4-17_fo2,-73.85
BDE99_2,1,W4-17_foof,-2,W4-17_of,-193.38
BDE99_3,1,W4-17_oclo,-1,W4-17_o,-1,W4-17_clo,-262.21
BDE99_4,1,W4-17_cloo,-1,W4-17_clo,-1,W4-17_o,-254.97
BDE99_5,1,W4-17_cloo,-1,W4-17_cl,-1,W4-17_o2,-23.26
BDE99_6,1,W4-17_fo2,-1,W4-17_of,-1,W4-17_o,-341.62
BDE99_7,1,W4-17_fo2,-1,W4-17_f,-1,W4-17_o2,-58.16
BDE99_8,1,W4-17_cl2o,-1,W4-17_clo,-1,W4-17_cl,-150.67
BDE99_9,1,W4-17_f2o,-1,W4-17_of,-1,W4-17_f,-170.29
BDE99_10,1,W4-17_hocl,-1,W4-17_h,-1,W4-17_clo,-421.66
BDE99_11,1,W4-17_hocl,-1,W4-17_oh,-1,W4-17_cl,-246.94
BDE99_12,1,W4-17_hof,-1,W4-17_h,-1,W4-17_of,-441.75
BDE99_13,1,W4-17_hof,-1,W4-17_oh,-1,W4-17_f,-215.27
BDE99_14,1,W4-17_no2,-1,W4-17_no,-1,W4-17_o,-314.39
BDE99_15,1,W4-17_n2o,-1,W4-17_no,-1,W4-17_n,-494.13
BDE99_16,1,W4-17_n2o,-1,W4-17_n2,-1,W4-17_o,-177.23
BDE99_17,1,W4-17_t-hono,-1,W4-17_h,-1,W4-17_no2,-354.68
BDE99_18,1,W4-17_t-hono,-1,W4-17_oh,-1,W4-17_no,-220.50
BDE99_19,1,W4-17_hnc,-1,W4-17_h,-1,W4-17_cn,-488.90
BDE99_20,1,W4-17_hnc,-1,W4-17_nh,-1,W4-17_c,-900.02
BDE99_21,1,W4-17_honc,-1,W4-17_oh,-1,W4-17_cn,-257.69
BDE99_22,1,W4-17_hnco,-1,W4-17_nh,-1,W4-17_co,-384.55
BDE99_23,1,W4-17_hcno,-1,W4-17_ch,-1,W4-17_no,-535.59
BDE99_24,1,W4-17_hno,-1,W4-17_h,-1,W4-17_no,-222.34
BDE99_25,1,W4-17_hno,-1,W4-17_nh,-1,W4-17_o,-513.75
BDE99_26,1,W4-17_methanol,-1,W4-17_ch3,-1,W4-17_oh,-411.79
BDE99_27,1,W4-17_t-hcoh,-1,W4-17_ch,-1,W4-17_oh,-548.31
BDE99_28,1,W4-17_t-hcoh,-1,W4-17_hco,-1,W4-17_h,-180.12
BDE99_29,1,W4-17_formic,-1,W4-17_hco,-1,W4-17_oh,-482.29
BDE99_30,1,W4-17_ketene,-1,W4-17_ch2c,-1,W4-17_o,-726.05
BDE99_31,1,W4-17_ketene,-1,W4-17_ch2-trip,-1,W4-17_co,-347.23
BDE99_32,1,W4-17_glyoxal,-2,W4-17_hco,-319.07
BDE99_33,1,W4-17_acetaldehyde,-1,W4-17_ch3,-1,W4-17_hco,-378.94
BDE99_34,1,W4-17_f2co,-1,W4-17_cf2,-1,W4-17_o,-677.18
BDE99_35,1,W4-17_hcof,-1,W4-17_hco,-1,W4-17_f,-520.15
BDE99_36,1,W4-17_h2co,-1,W4-17_hco,-1,W4-17_h,-398.48
BDE99_37,1,W4-17_h2co,-1,W4-17_ch2-trip,-1,W4-17_o,-769.48
BDE99_38,1,W4-17_hco,-1,W4-17_h,-1,W4-17_co,-82.38
BDE99_39,1,W4-17_hco,-1,W4-17_ch,-1,W4-17_o,-816.72
BDE99_40,1,W4-17_cs2,-1,W4-17_cs,-1,W4-17_s,-454.21
BDE99_41,1,W4-17_co2,-1,W4-17_co,-1,W4-17_o,-545.64
BDE99_42,1,W4-17_ch2nh2,-1,W4-17_ch2-trip,-1,W4-17_nh2,-455.80
BDE99_43,1,W4-17_ch2nh2,-1,W4-17_ch2nh,-1,W4-17_h,-179.20
BDE99_44,1,W4-17_ch3nh,-1,W4-17_ch3,-1,W4-17_nh,-350.03
BDE99_45,1,W4-17_ch3nh,-1,W4-17_ch2nh,-1,W4-17_h,-147.23
BDE99_46,1,W4-17_ch3nh2,-1,W4-17_ch2nh2,-1,W4-17_h,-418.53
BDE99_47,1,W4-17_ch3nh2,-1,W4-17_ch3nh,-1,W4-17_h,-450.49
BDE99_48,1,W4-17_ch2nh,-1,W4-17_hcnh,-1,W4-17_h,-431.75
BDE99_49,1,W4-17_hcnh,-1,W4-17_nh,-1,W4-17_ch,-706.80
BDE99_50,1,W4-17_hcnh,-1,W4-17_hcn,-1,W4-17_h,-95.52
BDE99_51,1,W4-17_hcn,-1,W4-17_cn,-1,W4-17_h,-552.58
BDE99_52,1,W4-17_hcn,-1,W4-17_ch,-1,W4-17_n,-958.97
BDE99_53,1,W4-17_nccn,-2,W4-17_cn,-583.00
BDE99_54,1,W4-17_h2s,-1,W4-17_hs,-1,W4-17_h,-402.42
BDE99_55,1,W4-17_t-hooo,-1,W4-17_hoo,-1,W4-17_o,-241.67
BDE99_56,1,W4-17_t-hooo,-1,W4-17_oh,-1,W4-17_o2,-22.05
BDE99_57,1,W4-17_t-hooo,-1,W4-17_h,-1,W4-17_o3,-359.28
BDE99_58,1,W4-17_o3,-1,W4-17_o2,-1,W4-17_o,-111.29
BDE99_59,1,W4-17_hooh,-1,W4-17_hoo,-1,W4-17_h,-391.45
BDE99_60,1,W4-17_hooh,-2,W4-17_oh,-228.74
BDE99_61,1,W4-17_ssh,-1,W4-17_hs,-1,W4-17_s,-323.84
BDE99_62,1,W4-17_ssh,-1,W4-17_s2,-1,W4-17_h,-254.72
BDE99_63,1,W4-17_hoo,-1,W4-17_oh,-1,W4-17_o,-285.89
BDE99_64,1,W4-17_hoo,-1,W4-17_o2,-1,W4-17_h,-228.91
BDE99_65,1,W4-17_h2o,-1,W4-17_oh,-1,W4-17_h,-526.22
BDE99_66,1,W4-17_hnnn,-1,W4-17_n2,-1,W4-17_nh,-84.52
BDE99_67,1,W4-17_n2h4,-2,W4-17_nh2,-305.85
BDE99_68,1,W4-17_t-n2h2,-2,W4-17_nh,-545.34
BDE99_69,1,W4-17_n2h,-1,W4-17_nh,-1,W4-17_n,-593.17
BDE99_70,1,W4-17_nh2cl,-1,W4-17_nh2,-1,W4-17_cl,-273.93
BDE99_71,1,W4-17_nh3,-1,W4-17_nh2,-1,W4-17_h,-482.96
BDE99_72,1,W4-17_nh2,-1,W4-17_nh,-1,W4-17_h,-416.31
BDE99_73,1,W4-17_allene,-1,W4-17_ch2c,-1,W4-17_ch2-trip,-641.91
BDE99_74,1,W4-17_propyne,-1,W4-17_cch,-1,W4-17_ch3,-550.49
BDE99_75,1,W4-17_propene,-1,W4-17_ch2ch,-1,W4-17_ch3,-450.32
BDE99_76,1,W4-17_c2h3f,-1,W4-17_ch2ch,-1,W4-17_f,-534.76
BDE99_77,1,W4-17_c2h6,-2,W4-17_ch3,-407.27
BDE99_78,1,W4-17_c2h4,-2,W4-17_ch2-trip,-764.04
BDE99_79,1,W4-17_ch2ch,-1,W4-17_ch2c,-1,W4-17_h,-360.45
BDE99_80,1,W4-17_ch2ch,-1,W4-17_c2h2,-1,W4-17_h,-169.70
BDE99_81,1,W4-17_ch2c,-1,W4-17_ch2-trip,-1,W4-17_c,-707.89
BDE99_82,1,W4-17_hccf,-1,W4-17_cch,-1,W4-17_f,-553.58
BDE99_83,1,W4-17_hccf,-1,W4-17_ch,-1,W4-17_cf,-759.52
BDE99_84,1,W4-17_c2h2,-1,W4-17_cch,-1,W4-17_h,-583.08
BDE99_85,1,W4-17_c2h2,-2,W4-17_ch,-991.94
BDE99_86,1,W4-17_ch3f,-1,W4-17_ch3,-1,W4-17_f,-481.54
BDE99_87,1,W4-17_ch4,-1,W4-17_ch3,-1,W4-17_h,-470.91
BDE99_88,1,W4-17_ch3,-1,W4-17_ch2-trip,-1,W4-17_h,-490.07
BDE99_89,1,W4-17_ch2-trip,-1,W4-17_ch,-1,W4-17_h,-445.68
BDE99_90,1,W4-17_cf2,-1,W4-17_cf,-1,W4-17_f,-527.43
BDE99_91,1,W4-17_clcn,-1,W4-17_cn,-1,W4-17_cl,-435.55
BDE99_92,1,W4-17_b2h6,-2,W4-17_bh3,-185.98
BDE99_93,1,W4-17_s2o,-1,W4-17_s2,-1,W4-17_o,-437.35
BDE99_94,1,W4-17_s2o,-1,W4-17_s,-1,W4-17_so,-344.43
BDE99_95,1,W4-17_so3,-1,W4-17_so2,-1,W4-17_o,-361.16
BDE99_96,1,W4-17_so2,-1,W4-17_so,-1,W4-17_o,-561.33
BDE99_97,1,W4-17_s4-c2v,-1,W4-17_s3,-1,W4-17_s,-276.06
BDE99_98,1,W4-17_s4-c2v,-2,W4-17_s2,-108.16
BDE99_99,1,W4-17_p4,-2,W4-17_p2,-231.75
HAT707_1,1,W4-17_h,1,W4-17_ch3f,-1,W4-17_hf,-1,W4-17_ch3,111.09
HAT707_2,1,W4-17_h,1,W4-17_foof,-1,W4-17_hf,-1,W4-17_fo2,518.77
HAT707_3,1,W4-17_h,1,W4-17_foof,-1,W4-17_oh,-1,W4-17_f2o,203.43
HAT707_4,1,W4-17_h,1,W4-17_fo2,-1,W4-17_oh,-1,W4-17_of,106.94
HAT707_5,1,W4-17_h,1,W4-17_fo2,-1,W4-17_hf,-1,W4-17_o2,534.46
HAT707_6,1,W4-17_h,1,W4-17_oclo,-1,W4-17_oh,-1,W4-17_clo,186.31
HAT707_7,1,W4-17_h,1,W4-17_oclo,-1,W4-17_hcl,-1,W4-17_o2,419.24
HAT707_8,1,W4-17_h,1,W4-17_cl2o,-1,W4-17_hcl,-1,W4-17_clo,299.11
HAT707_9,1,W4-17_h,1,W4-17_cl2o,-1,W4-17_oh,-1,W4-17_cl2,274.05
HAT707_10,1,W4-17_h,1,W4-17_f2o,-1,W4-17_hf,-1,W4-17_of,422.33
HAT707_11,1,W4-17_h,1,W4-17_f2o,-1,W4-17_oh,-1,W4-17_f2,219.53
HAT707_12,1,W4-17_h,1,W4-17_hocl,-1,W4-17_oh,-1,W4-17_hcl,202.84
HAT707_13,1,W4-17_h,1,W4-17_hof,-1,W4-17_oh,-1,W4-17_hf,377.35
HAT707_14,1,W4-17_h,1,W4-17_clo,-1,W4-17_hcl,-1,W4-17_o,175.94
HAT707_15,1,W4-17_h,1,W4-17_clo,-1,W4-17_oh,-1,W4-17_cl,174.72
HAT707_16,1,W4-17_h,1,W4-17_of,-1,W4-17_hf,-1,W4-17_o,370.53
HAT707_17,1,W4-17_h,1,W4-17_of,-1,W4-17_oh,-1,W4-17_f,226.48
HAT707_18,1,W4-17_h,1,W4-17_no2,-1,W4-17_oh,-1,W4-17_no,134.18
HAT707_19,1,W4-17_h,1,W4-17_no2,-1,W4-17_nh,-1,W4-17_o2,-100.25
HAT707_20,1,W4-17_h,1,W4-17_n2o,-1,W4-17_oh,-1,W4-17_n2,271.29
HAT707_21,1,W4-17_h,1,W4-17_n2o,-1,W4-17_nh,-1,W4-17_no,-146.48
HAT707_22,1,W4-17_h,1,W4-17_t-hono,-1,W4-17_oh,-1,W4-17_hno,1.88
HAT707_23,1,W4-17_h,1,W4-17_t-hono,-1,W4-17_nh,-1,W4-17_hoo,-226.02
HAT707_24,1,W4-17_h,1,W4-17_hnco,-1,W4-17_nh,-1,W4-17_hco,-302.17
HAT707_25,1,W4-17_h,1,W4-17_hnco,-1,W4-17_ch,-1,W4-17_hno,-605.13
HAT707_26,1,W4-17_h,1,W4-17_hnco,-1,W4-17_oh,-1,W4-17_hcn,-59.04
HAT707_27,1,W4-17_h,1,W4-17_hno,-1,W4-17_nh,-1,W4-17_oh,-65.23
HAT707_28,1,W4-17_h,1,W4-17_no,-1,W4-17_nh,-1,W4-17_o,-291.42
HAT707_29,1,W4-17_h,1,W4-17_no,-1,W4-17_oh,-1,W4-17_n,-190.54
HAT707_30,1,W4-17_h,1,W4-17_oxirene,-1,W4-17_oh,-1,W4-17_c2h2,237.07
HAT707_31,1,W4-17_h,1,W4-17_oxirane,-1,W4-17_oh,-1,W4-17_c2h4,82.76
HAT707_32,1,W4-17_h,1,W4-17_methanol,-1,W4-17_oh,-1,W4-17_ch4,59.12
HAT707_33,1,W4-17_h,1,W4-17_t-hcoh,-1,W4-17_ch,-1,W4-17_h2o,-22.09
HAT707_34,1,W4-17_h,1,W4-17_t-hcoh,-1,W4-17_oh,-1,W4-17_ch2-trip,-102.59
HAT707_35,1,W4-17_h,1,W4-17_formic,-1,W4-17_oh,-1,W4-17_t-hcoh,-302.13
HAT707_36,1,W4-17_h,1,W4-17_formic,-1,W4-17_h2o,-1,W4-17_hco,43.93
HAT707_37,1,W4-17_h,1,W4-17_formic,-1,W4-17_ch,-1,W4-17_hooh,-621.70
HAT707_38,1,W4-17_h,1,W4-17_ketene,-1,W4-17_oh,-1,W4-17_ch2c,-277.48
HAT707_39,1,W4-17_h,1,W4-17_ketene,-1,W4-17_ch,-1,W4-17_h2co,-312.04
HAT707_40,1,W4-17_h,1,W4-17_glyoxal,-1,W4-17_oh,-1,W4-17_oxirene,-300.49
HAT707_41,1,W4-17_h,1,W4-17_glyoxal,-1,W4-17_ch,-1,W4-17_formic,-204.93
HAT707_42,1,W4-17_h,1,W4-17_acetaldehyde,-1,W4-17_ch,-1,W4-17_methanol,-335.31
HAT707_43,1,W4-17_h,1,W4-17_acetaldehyde,-1,W4-17_oh,-1,W4-17_c2h4,-27.45
HAT707_44,1,W4-17_h,1,W4-17_f2co,-1,W4-17_oh,-1,W4-17_cf2,-228.66
HAT707_45,1,W4-17_h,1,W4-17_f2co,-1,W4-17_ch,-1,W4-17_f2o,-1015.21
HAT707_46,1,W4-17_h,1,W4-17_hcof,-1,W4-17_hf,-1,W4-17_hco,72.47
HAT707_47,1,W4-17_h,1,W4-17_h2co,-1,W4-17_oh,-1,W4-17_ch2-trip,-320.95
HAT707_48,1,W4-17_h,1,W4-17_h2co,-1,W4-17_ch,-1,W4-17_h2o,-240.41
HAT707_49,1,W4-17_h,1,W4-17_hco,-1,W4-17_oh,-1,W4-17_ch,-368.15
HAT707_50,1,W4-17_h,1,W4-17_cs2,-1,W4-17_hs,-1,W4-17_cs,-87.15
HAT707_51,1,W4-17_h,1,W4-17_cs2,-1,W4-17_ch,-1,W4-17_s2,-386.22
HAT707_52,1,W4-17_h,1,W4-17_ocs,-1,W4-17_oh,-1,W4-17_cs,-235.64
HAT707_53,1,W4-17_h,1,W4-17_ocs,-1,W4-17_ch,-1,W4-17_so,-523.25
HAT707_54,1,W4-17_h,1,W4-17_ocs,-1,W4-17_hs,-1,W4-17_co,48.99
HAT707_55,1,W4-17_h,1,W4-17_co2,-1,W4-17_oh,-1,W4-17_co,-97.11
HAT707_56,1,W4-17_h,1,W4-17_co2,-1,W4-17_ch,-1,W4-17_o2,-774.46
HAT707_57,1,W4-17_h,1,W4-17_cs,-1,W4-17_ch,-1,W4-17_s,-368.19
HAT707_58,1,W4-17_h,1,W4-17_cs,-1,W4-17_hs,-1,W4-17_c,-353.51
HAT707_59,1,W4-17_h,1,W4-17_sio,-1,W4-17_sih,-1,W4-17_o,-498.44
HAT707_60,1,W4-17_h,1,W4-17_sio,-1,W4-17_oh,-1,W4-17_si,-359.15
HAT707_61,1,W4-17_h,1,W4-17_co,-1,W4-17_ch,-1,W4-17_o,-734.33
HAT707_62,1,W4-17_h,1,W4-17_co,-1,W4-17_oh,-1,W4-17_c,-638.14
HAT707_63,1,W4-17_h,1,W4-17_hcn,-1,W4-17_nh,-1,W4-17_ch,-611.28
HAT707_64,1,W4-17_h,1,W4-17_cn,-1,W4-17_ch,-1,W4-17_n,-406.39
HAT707_65,1,W4-17_h,1,W4-17_cn,-1,W4-17_nh,-1,W4-17_c,-411.08
HAT707_66,1,W4-17_h,1,W4-17_h2s,-1,W4-17_hs,-1,W4-17_h2,55.69
HAT707_67,1,W4-17_h,1,W4-17_alcl,-1,W4-17_alh,-1,W4-17_cl,-205.23
HAT707_68,1,W4-17_h,1,W4-17_alcl,-1,W4-17_hcl,-1,W4-17_al,-63.26
HAT707_69,1,W4-17_h,1,W4-17_alf,-1,W4-17_alh,-1,W4-17_f,-377.44
HAT707_70,1,W4-17_h,1,W4-17_alf,-1,W4-17_hf,-1,W4-17_al,-92.63
HAT707_71,1,W4-17_h,1,W4-17_t-hooo,-1,W4-17_oh,-1,W4-17_hoo,206.86
HAT707_72,1,W4-17_h,1,W4-17_o3,-1,W4-17_oh,-1,W4-17_o2,337.23
HAT707_73,1,W4-17_h,1,W4-17_hooh,-1,W4-17_oh,-1,W4-17_h2o,297.44
HAT707_74,1,W4-17_h,1,W4-17_ssh,-2,W4-17_hs,43.22
HAT707_75,1,W4-17_h,1,W4-17_hoo,-2,W4-17_oh,162.67
HAT707_76,1,W4-17_h,1,W4-17_h2o,-1,W4-17_oh,-1,W4-17_h2,-68.07
HAT707_77,1,W4-17_h,1,W4-17_t-n2h2,-1,W4-17_nh,-1,W4-17_nh2,-129.08
HAT707_78,1,W4-17_h,1,W4-17_propyne,-1,W4-17_ch,-1,W4-17_c2h4,-239.70
HAT707_79,1,W4-17_h,1,W4-17_propene,-1,W4-17_ch,-1,W4-17_c2h6,-268.95
HAT707_80,1,W4-17_h,1,W4-17_c2h3f,-1,W4-17_hf,-1,W4-17_ch2ch,57.86
HAT707_81,1,W4-17_h,1,W4-17_c2h3f,-1,W4-17_ch,-1,W4-17_ch3f,-279.11
HAT707_82,1,W4-17_h,1,W4-17_c2h4,-1,W4-17_ch,-1,W4-17_ch4,-248.78
HAT707_83,1,W4-17_h,1,W4-17_ch2ch,-1,W4-17_ch,-1,W4-17_ch3,-225.89
HAT707_84,1,W4-17_h,1,W4-17_fccf,-1,W4-17_ch,-1,W4-17_cf2,-180.25
HAT707_85,1,W4-17_h,1,W4-17_hccf,-1,W4-17_hf,-1,W4-17_cch,39.04
HAT707_86,1,W4-17_h,1,W4-17_c2h2,-1,W4-17_ch,-1,W4-17_ch2-trip,-546.26
HAT707_87,1,W4-17_h,1,W4-17_ccl2,-1,W4-17_ch,-1,W4-17_cl2,-139.70
HAT707_88,1,W4-17_h,1,W4-17_cf2,-1,W4-17_ch,-1,W4-17_f2,-567.02
HAT707_89,1,W4-17_h,1,W4-17_cf2,-1,W4-17_hf,-1,W4-17_cf,65.19
HAT707_90,1,W4-17_h,1,W4-17_ch2-trip,-1,W4-17_ch,-1,W4-17_h2,12.43
HAT707_91,1,W4-17_h,1,W4-17_sif,-1,W4-17_hf,-1,W4-17_si,-4.48
HAT707_92,1,W4-17_h,1,W4-17_sif,-1,W4-17_sih,-1,W4-17_f,-287.82
HAT707_93,1,W4-17_h,1,W4-17_clcn,-1,W4-17_hcl,-1,W4-17_cn,14.23
HAT707_94,1,W4-17_h,1,W4-17_cf,-1,W4-17_hf,-1,W4-17_c,37.32
HAT707_95,1,W4-17_h,1,W4-17_cf,-1,W4-17_ch,-1,W4-17_f,-202.92
HAT707_96,1,W4-17_h,1,W4-17_bf,-1,W4-17_hf,-1,W4-17_b,-171.04
HAT707_97,1,W4-17_h,1,W4-17_bf,-1,W4-17_bh,-1,W4-17_f,-408.02
HAT707_98,1,W4-17_h,1,W4-17_bn3pi,-1,W4-17_bh,-1,W4-17_n,-87.11
HAT707_99,1,W4-17_h,1,W4-17_bn3pi,-1,W4-17_nh,-1,W4-17_b,-95.06
HAT707_100,1,W4-17_h,1,W4-17_s2o,-1,W4-17_hs,-1,W4-17_so,22.64
HAT707_101,1,W4-17_h,1,W4-17_s2o,-1,W4-17_oh,-1,W4-17_s2,11.21
HAT707_102,1,W4-17_h,1,W4-17_so3,-1,W4-17_oh,-1,W4-17_so2,87.40
HAT707_103,1,W4-17_h,1,W4-17_so3,-1,W4-17_hs,-1,W4-17_o3,-467.69
HAT707_104,1,W4-17_h,1,W4-17_so2,-1,W4-17_oh,-1,W4-17_so,-112.76
HAT707_105,1,W4-17_h,1,W4-17_so2,-1,W4-17_hs,-1,W4-17_o2,-217.86
HAT707_106,1,W4-17_h,1,W4-17_so,-1,W4-17_hs,-1,W4-17_o,-162.05
HAT707_107,1,W4-17_h,1,W4-17_so,-1,W4-17_oh,-1,W4-17_s,-80.58
HAT707_108,1,W4-17_h,1,W4-17_s4-c2v,-1,W4-17_hs,-1,W4-17_s3,91.00
HAT707_109,1,W4-17_h,1,W4-17_s3,-1,W4-17_hs,-1,W4-17_s2,98.83
HAT707_110,1,W4-17_h,1,W4-17_s2,-1,W4-17_hs,-1,W4-17_s,-69.12
HAT707_111,1,W4-17_h,1,W4-17_cl2,-1,W4-17_hcl,-1,W4-17_cl,199.79
HAT707_112,1,W4-17_h,1,W4-17_clf,-1,W4-17_hcl,-1,W4-17_f,187.02
HAT707_113,1,W4-17_h,1,W4-17_clf,-1,W4-17_hf,-1,W4-17_cl,329.87
HAT707_114,1,W4-17_h,1,W4-17_f2,-1,W4-17_hf,-1,W4-17_f,429.28
HAT707_115,1,W4-17_h,1,W4-17_o2,-1,W4-17_oh,-1,W4-17_o,-56.99
HAT707_116,1,W4-17_h,1,W4-17_n2,-1,W4-17_nh,-1,W4-17_n,-608.31
HAT707_117,1,W4-17_h,1,W4-17_b2,-1,W4-17_bh,-1,W4-17_b,73.39
HAT707_118,1,W4-17_c,1,W4-17_ch3f,-1,W4-17_cf,-1,W4-17_ch3,73.76
HAT707_119,1,W4-17_c,1,W4-17_foof,-1,W4-17_cf,-1,W4-17_fo2,481.45
HAT707_120,1,W4-17_c,1,W4-17_foof,-1,W4-17_co,-1,W4-17_f2o,841.57
HAT707_121,1,W4-17_c,1,W4-17_fo2,-1,W4-17_co,-1,W4-17_of,745.09
HAT707_122,1,W4-17_c,1,W4-17_fo2,-1,W4-17_cf,-1,W4-17_o2,497.14
HAT707_123,1,W4-17_c,1,W4-17_oclo,-1,W4-17_co,-1,W4-17_clo,824.46
HAT707_124,1,W4-17_c,1,W4-17_cl2o,-1,W4-17_co,-1,W4-17_cl2,912.20
HAT707_125,1,W4-17_c,1,W4-17_f2o,-1,W4-17_cf,-1,W4-17_of,385.01
HAT707_126,1,W4-17_c,1,W4-17_f2o,-1,W4-17_co,-1,W4-17_f2,857.68
HAT707_127,1,W4-17_c,1,W4-17_hof,-1,W4-17_co,-1,W4-17_hf,1015.50
HAT707_128,1,W4-17_c,1,W4-17_clo,-1,W4-17_co,-1,W4-17_cl,812.87
HAT707_129,1,W4-17_c,1,W4-17_of,-1,W4-17_cf,-1,W4-17_o,333.26
HAT707_130,1,W4-17_c,1,W4-17_of,-1,W4-17_co,-1,W4-17_f,864.62
HAT707_131,1,W4-17_c,1,W4-17_no2,-1,W4-17_co,-1,W4-17_no,772.32
HAT707_132,1,W4-17_c,1,W4-17_no2,-1,W4-17_cn,-1,W4-17_o2,310.83
HAT707_133,1,W4-17_c,1,W4-17_n2o,-1,W4-17_co,-1,W4-17_n2,909.43
HAT707_134,1,W4-17_c,1,W4-17_n2o,-1,W4-17_cn,-1,W4-17_no,264.64
HAT707_135,1,W4-17_c,1,W4-17_t-hono,-1,W4-17_co,-1,W4-17_hno,640.03
HAT707_136,1,W4-17_c,1,W4-17_t-hono,-1,W4-17_cn,-1,W4-17_hoo,185.06
HAT707_137,1,W4-17_c,1,W4-17_hnco,-1,W4-17_cn,-1,W4-17_hco,108.95
HAT707_138,1,W4-17_c,1,W4-17_hnco,-1,W4-17_co,-1,W4-17_hcn,579.11
HAT707_139,1,W4-17_c,1,W4-17_hno,-1,W4-17_cn,-1,W4-17_oh,345.89
HAT707_140,1,W4-17_c,1,W4-17_no,-1,W4-17_cn,-1,W4-17_o,119.70
HAT707_141,1,W4-17_c,1,W4-17_no,-1,W4-17_co,-1,W4-17_n,447.60
HAT707_142,1,W4-17_c,1,W4-17_oxirene,-1,W4-17_co,-1,W4-17_c2h2,875.21
HAT707_143,1,W4-17_c,1,W4-17_oxirane,-1,W4-17_co,-1,W4-17_c2h4,720.90
HAT707_144,1,W4-17_c,1,W4-17_methanol,-1,W4-17_co,-1,W4-17_ch4,697.26
HAT707_145,1,W4-17_c,1,W4-17_t-hcoh,-1,W4-17_co,-1,W4-17_ch2-trip,535.55
HAT707_146,1,W4-17_c,1,W4-17_formic,-1,W4-17_co,-1,W4-17_t-hcoh,335.97
HAT707_147,1,W4-17_c,1,W4-17_ketene,-1,W4-17_co,-1,W4-17_ch2c,360.66
HAT707_148,1,W4-17_c,1,W4-17_glyoxal,-1,W4-17_co,-1,W4-17_oxirene,337.65
HAT707_149,1,W4-17_c,1,W4-17_acetaldehyde,-1,W4-17_co,-1,W4-17_c2h4,610.70
HAT707_150,1,W4-17_c,1,W4-17_f2co,-1,W4-17_co,-1,W4-17_cf2,409.49
HAT707_151,1,W4-17_c,1,W4-17_hcof,-1,W4-17_cf,-1,W4-17_hco,35.15
HAT707_152,1,W4-17_c,1,W4-17_h2co,-1,W4-17_co,-1,W4-17_ch2-trip,317.19
HAT707_153,1,W4-17_c,1,W4-17_hco,-1,W4-17_co,-1,W4-17_ch,269.99
HAT707_154,1,W4-17_c,1,W4-17_cs2,-1,W4-17_cs,-1,W4-17_cs,266.35
HAT707_155,1,W4-17_c,1,W4-17_ocs,-1,W4-17_co,-1,W4-17_cs,402.50
HAT707_156,1,W4-17_c,1,W4-17_co2,-1,W4-17_co,-1,W4-17_co,541.03
HAT707_157,1,W4-17_c,1,W4-17_sio,-1,W4-17_co,-1,W4-17_si,278.99
HAT707_158,1,W4-17_c,1,W4-17_hcn,-1,W4-17_cn,-1,W4-17_ch,-200.20
HAT707_159,1,W4-17_c,1,W4-17_h2s,-1,W4-17_cs,-1,W4-17_h2,409.19
HAT707_160,1,W4-17_c,1,W4-17_alf,-1,W4-17_cf,-1,W4-17_al,-129.95
HAT707_161,1,W4-17_c,1,W4-17_o3,-1,W4-17_co,-1,W4-17_o2,975.37
HAT707_162,1,W4-17_c,1,W4-17_hooh,-1,W4-17_co,-1,W4-17_h2o,935.58
HAT707_163,1,W4-17_c,1,W4-17_ssh,-1,W4-17_cs,-1,W4-17_hs,396.73
HAT707_164,1,W4-17_c,1,W4-17_hoo,-1,W4-17_co,-1,W4-17_oh,800.82
HAT707_165,1,W4-17_c,1,W4-17_h2o,-1,W4-17_co,-1,W4-17_h2,570.07
HAT707_166,1,W4-17_c,1,W4-17_t-n2h2,-1,W4-17_cn,-1,W4-17_nh2,282.04
HAT707_167,1,W4-17_c,1,W4-17_c2h3f,-1,W4-17_cf,-1,W4-17_ch2ch,20.54
HAT707_168,1,W4-17_c,1,W4-17_hccf,-1,W4-17_cf,-1,W4-17_cch,1.72
HAT707_169,1,W4-17_c,1,W4-17_cf2,-2,W4-17_cf,27.87
HAT707_170,1,W4-17_c,1,W4-17_sif,-1,W4-17_cf,-1,W4-17_si,-41.80
HAT707_171,1,W4-17_c,1,W4-17_bf,-1,W4-17_cf,-1,W4-17_b,-208.36
HAT707_172,1,W4-17_c,1,W4-17_bn3pi,-1,W4-17_cn,-1,W4-17_b,316.06
HAT707_173,1,W4-17_c,1,W4-17_s2o,-1,W4-17_cs,-1,W4-17_so,376.14
HAT707_174,1,W4-17_c,1,W4-17_s2o,-1,W4-17_co,-1,W4-17_s2,649.36
HAT707_175,1,W4-17_c,1,W4-17_so3,-1,W4-17_co,-1,W4-17_so2,725.51
HAT707_176,1,W4-17_c,1,W4-17_so3,-1,W4-17_cs,-1,W4-17_o3,-114.22
HAT707_177,1,W4-17_c,1,W4-17_so2,-1,W4-17_co,-1,W4-17_so,525.38
HAT707_178,1,W4-17_c,1,W4-17_so2,-1,W4-17_cs,-1,W4-17_o2,135.65
HAT707_179,1,W4-17_c,1,W4-17_so,-1,W4-17_cs,-1,W4-17_o,191.42
HAT707_180,1,W4-17_c,1,W4-17_so,-1,W4-17_co,-1,W4-17_s,557.56
HAT707_181,1,W4-17_c,1,W4-17_s4-c2v,-1,W4-17_cs,-1,W4-17_s3,444.47
HAT707_182,1,W4-17_c,1,W4-17_s3,-1,W4-17_cs,-1,W4-17_s2,452.29
HAT707_183,1,W4-17_c,1,W4-17_s2,-1,W4-17_cs,-1,W4-17_s,284.39
HAT707_184,1,W4-17_c,1,W4-17_clf,-1,W4-17_cf,-1,W4-17_cl,292.55
HAT707_185,1,W4-17_c,1,W4-17_f2,-1,W4-17_cf,-1,W4-17_f,391.96
HAT707_186,1,W4-17_c,1,W4-17_o2,-1,W4-17_co,-1,W4-17_o,581.16
HAT707_187,1,W4-17_c,1,W4-17_n2,-1,W4-17_cn,-1,W4-17_n,-197.19
HAT707_188,1,W4-17_n,1,W4-17_foof,-1,W4-17_no,-1,W4-17_f2o,393.97
HAT707_189,1,W4-17_n,1,W4-17_fo2,-1,W4-17_no,-1,W4-17_of,297.48
HAT707_190,1,W4-17_n,1,W4-17_oclo,-1,W4-17_no,-1,W4-17_clo,376.85
HAT707_191,1,W4-17_n,1,W4-17_cl2o,-1,W4-17_no,-1,W4-17_cl2,464.59
HAT707_192,1,W4-17_n,1,W4-17_f2o,-1,W4-17_no,-1,W4-17_f2,410.07
HAT707_193,1,W4-17_n,1,W4-17_hocl,-1,W4-17_no,-1,W4-17_hcl,393.38
HAT707_194,1,W4-17_n,1,W4-17_hof,-1,W4-17_no,-1,W4-17_hf,567.89
HAT707_195,1,W4-17_n,1,W4-17_clo,-1,W4-17_no,-1,W4-17_cl,365.26
HAT707_196,1,W4-17_n,1,W4-17_of,-1,W4-17_no,-1,W4-17_f,417.02
HAT707_197,1,W4-17_n,1,W4-17_no2,-1,W4-17_no,-1,W4-17_no,324.72
HAT707_198,1,W4-17_n,1,W4-17_no2,-1,W4-17_n2,-1,W4-17_o2,508.06
HAT707_199,1,W4-17_n,1,W4-17_n2o,-1,W4-17_no,-1,W4-17_n2,461.83
HAT707_200,1,W4-17_n,1,W4-17_t-hono,-1,W4-17_no,-1,W4-17_hno,192.42
HAT707_201,1,W4-17_n,1,W4-17_t-hono,-1,W4-17_n2,-1,W4-17_hoo,382.29
HAT707_202,1,W4-17_n,1,W4-17_hnco,-1,W4-17_n2,-1,W4-17_hco,306.14
HAT707_203,1,W4-17_n,1,W4-17_hnco,-1,W4-17_cn,-1,W4-17_hno,-198.74
HAT707_204,1,W4-17_n,1,W4-17_hnco,-1,W4-17_no,-1,W4-17_hcn,131.50
HAT707_205,1,W4-17_n,1,W4-17_hno,-1,W4-17_n2,-1,W4-17_oh,543.08
HAT707_206,1,W4-17_n,1,W4-17_no,-1,W4-17_n2,-1,W4-17_o,316.90
HAT707_207,1,W4-17_n,1,W4-17_oxirene,-1,W4-17_no,-1,W4-17_c2h2,427.60
HAT707_208,1,W4-17_n,1,W4-17_oxirane,-1,W4-17_no,-1,W4-17_c2h4,273.26
HAT707_209,1,W4-17_n,1,W4-17_methanol,-1,W4-17_no,-1,W4-17_ch4,249.62
HAT707_210,1,W4-17_n,1,W4-17_t-hcoh,-1,W4-17_cn,-1,W4-17_h2o,384.30
HAT707_211,1,W4-17_n,1,W4-17_t-hcoh,-1,W4-17_no,-1,W4-17_ch2-trip,87.91
HAT707_212,1,W4-17_n,1,W4-17_formic,-1,W4-17_no,-1,W4-17_t-hcoh,-111.63
HAT707_213,1,W4-17_n,1,W4-17_formic,-1,W4-17_cn,-1,W4-17_hooh,-215.31
HAT707_214,1,W4-17_n,1,W4-17_ketene,-1,W4-17_no,-1,W4-17_ch2c,-86.94
HAT707_215,1,W4-17_n,1,W4-17_ketene,-1,W4-17_cn,-1,W4-17_h2co,94.35
HAT707_216,1,W4-17_n,1,W4-17_glyoxal,-1,W4-17_no,-1,W4-17_oxirene,-109.96
HAT707_217,1,W4-17_n,1,W4-17_glyoxal,-1,W4-17_cn,-1,W4-17_formic,201.46
HAT707_218,1,W4-17_n,1,W4-17_acetaldehyde,-1,W4-17_cn,-1,W4-17_methanol,71.09
HAT707_219,1,W4-17_n,1,W4-17_acetaldehyde,-1,W4-17_no,-1,W4-17_c2h4,163.09
HAT707_220,1,W4-17_n,1,W4-17_f2co,-1,W4-17_no,-1,W4-17_cf2,-38.12
HAT707_221,1,W4-17_n,1,W4-17_f2co,-1,W4-17_cn,-1,W4-17_f2o,-608.81
HAT707_222,1,W4-17_n,1,W4-17_h2co,-1,W4-17_no,-1,W4-17_ch2-trip,-130.42
HAT707_223,1,W4-17_n,1,W4-17_h2co,-1,W4-17_cn,-1,W4-17_h2o,165.98
HAT707_224,1,W4-17_n,1,W4-17_hco,-1,W4-17_no,-1,W4-17_ch,-177.65
HAT707_225,1,W4-17_n,1,W4-17_cs2,-1,W4-17_cn,-1,W4-17_s2,20.17
HAT707_226,1,W4-17_n,1,W4-17_ocs,-1,W4-17_no,-1,W4-17_cs,-45.10
HAT707_227,1,W4-17_n,1,W4-17_ocs,-1,W4-17_cn,-1,W4-17_so,-116.86
HAT707_228,1,W4-17_n,1,W4-17_co2,-1,W4-17_no,-1,W4-17_co,93.43
HAT707_229,1,W4-17_n,1,W4-17_co2,-1,W4-17_cn,-1,W4-17_o2,-368.07
HAT707_230,1,W4-17_n,1,W4-17_cs,-1,W4-17_cn,-1,W4-17_s,38.20
HAT707_231,1,W4-17_n,1,W4-17_sio,-1,W4-17_no,-1,W4-17_si,-168.66
HAT707_232,1,W4-17_n,1,W4-17_co,-1,W4-17_cn,-1,W4-17_o,-327.94
HAT707_233,1,W4-17_n,1,W4-17_co,-1,W4-17_no,-1,W4-17_c,-447.60
HAT707_234,1,W4-17_n,1,W4-17_hcn,-1,W4-17_n2,-1,W4-17_ch,-2.97
HAT707_235,1,W4-17_n,1,W4-17_cn,-1,W4-17_n2,-1,W4-17_c,197.19
HAT707_236,1,W4-17_n,1,W4-17_t-hooo,-1,W4-17_no,-1,W4-17_hoo,397.40
HAT707_237,1,W4-17_n,1,W4-17_o3,-1,W4-17_no,-1,W4-17_o2,527.77
HAT707_238,1,W4-17_n,1,W4-17_hooh,-1,W4-17_no,-1,W4-17_h2o,487.98
HAT707_239,1,W4-17_n,1,W4-17_hoo,-1,W4-17_no,-1,W4-17_oh,353.21
HAT707_240,1,W4-17_n,1,W4-17_h2o,-1,W4-17_no,-1,W4-17_h2,122.42
HAT707_241,1,W4-17_n,1,W4-17_t-n2h2,-1,W4-17_n2,-1,W4-17_nh2,479.24
HAT707_242,1,W4-17_n,1,W4-17_propyne,-1,W4-17_cn,-1,W4-17_c2h4,166.69
HAT707_243,1,W4-17_n,1,W4-17_propene,-1,W4-17_cn,-1,W4-17_c2h6,137.44
HAT707_244,1,W4-17_n,1,W4-17_c2h3f,-1,W4-17_cn,-1,W4-17_ch3f,127.28
HAT707_245,1,W4-17_n,1,W4-17_c2h4,-1,W4-17_cn,-1,W4-17_ch4,157.61
HAT707_246,1,W4-17_n,1,W4-17_ch2ch,-1,W4-17_cn,-1,W4-17_ch3,180.50
HAT707_247,1,W4-17_n,1,W4-17_fccf,-1,W4-17_cn,-1,W4-17_cf2,226.15
HAT707_248,1,W4-17_n,1,W4-17_c2h2,-1,W4-17_cn,-1,W4-17_ch2-trip,-139.87
HAT707_249,1,W4-17_n,1,W4-17_ccl2,-1,W4-17_cn,-1,W4-17_cl2,266.69
HAT707_250,1,W4-17_n,1,W4-17_cf2,-1,W4-17_cn,-1,W4-17_f2,-160.62
HAT707_251,1,W4-17_n,1,W4-17_ch2-trip,-1,W4-17_cn,-1,W4-17_h2,418.82
HAT707_252,1,W4-17_n,1,W4-17_cf,-1,W4-17_cn,-1,W4-17_f,203.47
HAT707_253,1,W4-17_n,1,W4-17_bf,-1,W4-17_bn3pi,-1,W4-17_f,-320.91
HAT707_254,1,W4-17_n,1,W4-17_bn3pi,-1,W4-17_n2,-1,W4-17_b,513.25
HAT707_255,1,W4-17_n,1,W4-17_s2o,-1,W4-17_no,-1,W4-17_s2,201.71
HAT707_256,1,W4-17_n,1,W4-17_so3,-1,W4-17_no,-1,W4-17_so2,277.90
HAT707_257,1,W4-17_n,1,W4-17_so2,-1,W4-17_no,-1,W4-17_so,77.78
HAT707_258,1,W4-17_n,1,W4-17_so,-1,W4-17_no,-1,W4-17_s,109.96
HAT707_259,1,W4-17_n,1,W4-17_o2,-1,W4-17_no,-1,W4-17_o,133.55
HAT707_260,1,W4-17_n,1,W4-17_b2,-1,W4-17_bn3pi,-1,W4-17_b,160.50
HAT707_261,1,W4-17_o,1,W4-17_ch3f,-1,W4-17_of,-1,W4-17_ch3,-259.45
HAT707_262,1,W4-17_o,1,W4-17_foof,-1,W4-17_of,-1,W4-17_fo2,148.24
HAT707_263,1,W4-17_o,1,W4-17_foof,-1,W4-17_o2,-1,W4-17_f2o,260.37
HAT707_264,1,W4-17_o,1,W4-17_fo2,-1,W4-17_o2,-1,W4-17_of,163.93
HAT707_265,1,W4-17_o,1,W4-17_oclo,-1,W4-17_o2,-1,W4-17_clo,243.30
HAT707_266,1,W4-17_o,1,W4-17_cl2o,-1,W4-17_clo,-1,W4-17_clo,123.18
HAT707_267,1,W4-17_o,1,W4-17_cl2o,-1,W4-17_o2,-1,W4-17_cl2,331.04
HAT707_268,1,W4-17_o,1,W4-17_f2o,-1,W4-17_of,-1,W4-17_of,51.76
HAT707_269,1,W4-17_o,1,W4-17_f2o,-1,W4-17_o2,-1,W4-17_f2,276.52
HAT707_270,1,W4-17_o,1,W4-17_hocl,-1,W4-17_o2,-1,W4-17_hcl,259.78
HAT707_271,1,W4-17_o,1,W4-17_hof,-1,W4-17_o2,-1,W4-17_hf,434.34
HAT707_272,1,W4-17_o,1,W4-17_clo,-1,W4-17_o2,-1,W4-17_cl,231.71
HAT707_273,1,W4-17_o,1,W4-17_of,-1,W4-17_o2,-1,W4-17_f,283.47
HAT707_274,1,W4-17_o,1,W4-17_no2,-1,W4-17_o2,-1,W4-17_no,191.17
HAT707_275,1,W4-17_o,1,W4-17_t-hono,-1,W4-17_o2,-1,W4-17_hno,58.83
HAT707_276,1,W4-17_o,1,W4-17_t-hono,-1,W4-17_no,-1,W4-17_hoo,65.40
HAT707_277,1,W4-17_o,1,W4-17_hnco,-1,W4-17_no,-1,W4-17_hco,-10.75
HAT707_278,1,W4-17_o,1,W4-17_hnco,-1,W4-17_co,-1,W4-17_hno,129.20
HAT707_279,1,W4-17_o,1,W4-17_hnco,-1,W4-17_o2,-1,W4-17_hcn,-2.09
HAT707_280,1,W4-17_o,1,W4-17_hno,-1,W4-17_no,-1,W4-17_oh,226.19
HAT707_281,1,W4-17_o,1,W4-17_no,-1,W4-17_o2,-1,W4-17_n,-133.55
HAT707_282,1,W4-17_o,1,W4-17_oxirene,-1,W4-17_o2,-1,W4-17_c2h2,294.05
HAT707_283,1,W4-17_o,1,W4-17_oxirane,-1,W4-17_o2,-1,W4-17_c2h4,139.70
HAT707_284,1,W4-17_o,1,W4-17_methanol,-1,W4-17_o2,-1,W4-17_ch4,116.06
HAT707_285,1,W4-17_o,1,W4-17_t-hcoh,-1,W4-17_co,-1,W4-17_h2o,712.24
HAT707_286,1,W4-17_o,1,W4-17_t-hcoh,-1,W4-17_o2,-1,W4-17_ch2-trip,-45.65
HAT707_287,1,W4-17_o,1,W4-17_formic,-1,W4-17_o2,-1,W4-17_t-hcoh,-245.18
HAT707_288,1,W4-17_o,1,W4-17_formic,-1,W4-17_co,-1,W4-17_hooh,112.63
HAT707_289,1,W4-17_o,1,W4-17_ketene,-1,W4-17_o2,-1,W4-17_ch2c,-220.50
HAT707_290,1,W4-17_o,1,W4-17_ketene,-1,W4-17_co,-1,W4-17_h2co,422.25
HAT707_291,1,W4-17_o,1,W4-17_glyoxal,-1,W4-17_o2,-1,W4-17_oxirene,-243.55
HAT707_292,1,W4-17_o,1,W4-17_glyoxal,-1,W4-17_co,-1,W4-17_formic,529.40
HAT707_293,1,W4-17_o,1,W4-17_acetaldehyde,-1,W4-17_co,-1,W4-17_methanol,398.99
HAT707_294,1,W4-17_o,1,W4-17_acetaldehyde,-1,W4-17_o2,-1,W4-17_c2h4,29.54
HAT707_295,1,W4-17_o,1,W4-17_f2co,-1,W4-17_o2,-1,W4-17_cf2,-171.67
HAT707_296,1,W4-17_o,1,W4-17_f2co,-1,W4-17_co,-1,W4-17_f2o,-280.87
HAT707_297,1,W4-17_o,1,W4-17_hcof,-1,W4-17_of,-1,W4-17_hco,-298.11
HAT707_298,1,W4-17_o,1,W4-17_h2co,-1,W4-17_o2,-1,W4-17_ch2-trip,-263.97
HAT707_299,1,W4-17_o,1,W4-17_h2co,-1,W4-17_co,-1,W4-17_h2o,493.88
HAT707_300,1,W4-17_o,1,W4-17_hco,-1,W4-17_o2,-1,W4-17_ch,-311.21
HAT707_301,1,W4-17_o,1,W4-17_cs2,-1,W4-17_so,-1,W4-17_cs,74.94
HAT707_302,1,W4-17_o,1,W4-17_cs2,-1,W4-17_co,-1,W4-17_s2,348.11
HAT707_303,1,W4-17_o,1,W4-17_ocs,-1,W4-17_o2,-1,W4-17_cs,-178.66
HAT707_304,1,W4-17_o,1,W4-17_ocs,-1,W4-17_so,-1,W4-17_co,211.08
HAT707_305,1,W4-17_o,1,W4-17_co2,-1,W4-17_o2,-1,W4-17_co,-40.12
HAT707_306,1,W4-17_o,1,W4-17_cs,-1,W4-17_co,-1,W4-17_s,366.14
HAT707_307,1,W4-17_o,1,W4-17_cs,-1,W4-17_so,-1,W4-17_c,-191.42
HAT707_308,1,W4-17_o,1,W4-17_sio,-1,W4-17_o2,-1,W4-17_si,-302.21
HAT707_309,1,W4-17_o,1,W4-17_co,-1,W4-17_o2,-1,W4-17_c,-581.16
HAT707_310,1,W4-17_o,1,W4-17_hcn,-1,W4-17_no,-1,W4-17_ch,-319.87
HAT707_311,1,W4-17_o,1,W4-17_cn,-1,W4-17_co,-1,W4-17_n,327.94
HAT707_312,1,W4-17_o,1,W4-17_cn,-1,W4-17_no,-1,W4-17_c,-119.70
HAT707_313,1,W4-17_o,1,W4-17_h2s,-1,W4-17_so,-1,W4-17_h2,217.78
HAT707_314,1,W4-17_o,1,W4-17_alcl,-1,W4-17_clo,-1,W4-17_al,-239.20
HAT707_315,1,W4-17_o,1,W4-17_alf,-1,W4-17_of,-1,W4-17_al,-463.21
HAT707_316,1,W4-17_o,1,W4-17_t-hooo,-1,W4-17_o2,-1,W4-17_hoo,263.84
HAT707_317,1,W4-17_o,1,W4-17_o3,-1,W4-17_o2,-1,W4-17_o2,394.22
HAT707_318,1,W4-17_o,1,W4-17_hooh,-1,W4-17_o2,-1,W4-17_h2o,354.43
HAT707_319,1,W4-17_o,1,W4-17_ssh,-1,W4-17_so,-1,W4-17_hs,205.31
HAT707_320,1,W4-17_o,1,W4-17_hoo,-1,W4-17_o2,-1,W4-17_oh,219.66
HAT707_321,1,W4-17_o,1,W4-17_h2o,-1,W4-17_o2,-1,W4-17_h2,-11.13
HAT707_322,1,W4-17_o,1,W4-17_t-n2h2,-1,W4-17_no,-1,W4-17_nh2,162.34
HAT707_323,1,W4-17_o,1,W4-17_propyne,-1,W4-17_co,-1,W4-17_c2h4,494.63
HAT707_324,1,W4-17_o,1,W4-17_propene,-1,W4-17_co,-1,W4-17_c2h6,465.39
HAT707_325,1,W4-17_o,1,W4-17_c2h3f,-1,W4-17_of,-1,W4-17_ch2ch,-312.71
HAT707_326,1,W4-17_o,1,W4-17_c2h3f,-1,W4-17_co,-1,W4-17_ch3f,455.18
HAT707_327,1,W4-17_o,1,W4-17_c2h4,-1,W4-17_co,-1,W4-17_ch4,485.55
HAT707_328,1,W4-17_o,1,W4-17_ch2ch,-1,W4-17_co,-1,W4-17_ch3,508.44
HAT707_329,1,W4-17_o,1,W4-17_fccf,-1,W4-17_co,-1,W4-17_cf2,554.04
HAT707_330,1,W4-17_o,1,W4-17_hccf,-1,W4-17_of,-1,W4-17_cch,-331.50
HAT707_331,1,W4-17_o,1,W4-17_c2h2,-1,W4-17_co,-1,W4-17_ch2-trip,188.07
HAT707_332,1,W4-17_o,1,W4-17_ccl2,-1,W4-17_co,-1,W4-17_cl2,594.63
HAT707_333,1,W4-17_o,1,W4-17_cf2,-1,W4-17_co,-1,W4-17_f2,167.32
HAT707_334,1,W4-17_o,1,W4-17_cf2,-1,W4-17_of,-1,W4-17_cf,-305.39
HAT707_335,1,W4-17_o,1,W4-17_ch2-trip,-1,W4-17_co,-1,W4-17_h2,746.76
HAT707_336,1,W4-17_o,1,W4-17_sif,-1,W4-17_of,-1,W4-17_si,-375.01
HAT707_337,1,W4-17_o,1,W4-17_sif,-1,W4-17_sio,-1,W4-17_f,210.62
HAT707_338,1,W4-17_o,1,W4-17_clcn,-1,W4-17_clo,-1,W4-17_cn,-161.71
HAT707_339,1,W4-17_o,1,W4-17_cf,-1,W4-17_of,-1,W4-17_c,-333.26
HAT707_340,1,W4-17_o,1,W4-17_cf,-1,W4-17_co,-1,W4-17_f,531.41
HAT707_341,1,W4-17_o,1,W4-17_bf,-1,W4-17_of,-1,W4-17_b,-541.58
HAT707_342,1,W4-17_o,1,W4-17_bn3pi,-1,W4-17_no,-1,W4-17_b,196.35
HAT707_343,1,W4-17_o,1,W4-17_s2o,-1,W4-17_so,-1,W4-17_so,184.72
HAT707_344,1,W4-17_o,1,W4-17_s2o,-1,W4-17_o2,-1,W4-17_s2,68.16
HAT707_345,1,W4-17_o,1,W4-17_so3,-1,W4-17_o2,-1,W4-17_so2,144.35
HAT707_346,1,W4-17_o,1,W4-17_so3,-1,W4-17_so,-1,W4-17_o3,-305.64
HAT707_347,1,W4-17_o,1,W4-17_so2,-1,W4-17_o2,-1,W4-17_so,-55.77
HAT707_348,1,W4-17_o,1,W4-17_so,-1,W4-17_o2,-1,W4-17_s,-23.60
HAT707_349,1,W4-17_o,1,W4-17_s4-c2v,-1,W4-17_so,-1,W4-17_s3,253.05
HAT707_350,1,W4-17_o,1,W4-17_s3,-1,W4-17_so,-1,W4-17_s2,260.87
HAT707_351,1,W4-17_o,1,W4-17_s2,-1,W4-17_so,-1,W4-17_s,92.93
HAT707_352,1,W4-17_o,1,W4-17_cl2,-1,W4-17_clo,-1,W4-17_cl,23.85
HAT707_353,1,W4-17_o,1,W4-17_clf,-1,W4-17_clo,-1,W4-17_f,11.09
HAT707_354,1,W4-17_o,1,W4-17_clf,-1,W4-17_of,-1,W4-17_cl,-40.67
HAT707_355,1,W4-17_o,1,W4-17_f2,-1,W4-17_of,-1,W4-17_f,58.70
HAT707_356,1,W4-17_o,1,W4-17_n2,-1,W4-17_no,-1,W4-17_n,-316.90
HAT707_357,1,W4-17_f,1,W4-17_ch3f,-1,W4-17_f2,-1,W4-17_ch3,-318.19
HAT707_358,1,W4-17_f,1,W4-17_foof,-1,W4-17_f2,-1,W4-17_fo2,89.50
HAT707_359,1,W4-17_f,1,W4-17_foof,-1,W4-17_of,-1,W4-17_f2o,-23.05
HAT707_360,1,W4-17_f,1,W4-17_fo2,-1,W4-17_of,-1,W4-17_of,-119.54
HAT707_361,1,W4-17_f,1,W4-17_fo2,-1,W4-17_f2,-1,W4-17_o2,105.19
HAT707_362,1,W4-17_f,1,W4-17_oclo,-1,W4-17_of,-1,W4-17_clo,-40.17
HAT707_363,1,W4-17_f,1,W4-17_oclo,-1,W4-17_clf,-1,W4-17_o2,232.21
HAT707_364,1,W4-17_f,1,W4-17_cl2o,-1,W4-17_clf,-1,W4-17_clo,112.09
HAT707_365,1,W4-17_f,1,W4-17_cl2o,-1,W4-17_of,-1,W4-17_cl2,47.57
HAT707_366,1,W4-17_f,1,W4-17_f2o,-1,W4-17_f2,-1,W4-17_of,-6.95
HAT707_367,1,W4-17_f,1,W4-17_hocl,-1,W4-17_of,-1,W4-17_hcl,-23.64
HAT707_368,1,W4-17_f,1,W4-17_hof,-1,W4-17_of,-1,W4-17_hf,150.87
HAT707_369,1,W4-17_f,1,W4-17_clo,-1,W4-17_clf,-1,W4-17_o,-11.09
HAT707_370,1,W4-17_f,1,W4-17_clo,-1,W4-17_of,-1,W4-17_cl,-51.76
HAT707_371,1,W4-17_f,1,W4-17_of,-1,W4-17_f2,-1,W4-17_o,-58.70
HAT707_372,1,W4-17_f,1,W4-17_no2,-1,W4-17_of,-1,W4-17_no,-92.30
HAT707_373,1,W4-17_f,1,W4-17_n2o,-1,W4-17_of,-1,W4-17_n2,44.81
HAT707_374,1,W4-17_f,1,W4-17_t-hono,-1,W4-17_of,-1,W4-17_hno,-224.60
HAT707_375,1,W4-17_f,1,W4-17_hnco,-1,W4-17_cf,-1,W4-17_hno,-402.21
HAT707_376,1,W4-17_f,1,W4-17_hnco,-1,W4-17_of,-1,W4-17_hcn,-285.52
HAT707_377,1,W4-17_f,1,W4-17_no,-1,W4-17_of,-1,W4-17_n,-417.02
HAT707_378,1,W4-17_f,1,W4-17_oxirene,-1,W4-17_of,-1,W4-17_c2h2,10.59
HAT707_379,1,W4-17_f,1,W4-17_oxirane,-1,W4-17_of,-1,W4-17_c2h4,-143.76
HAT707_380,1,W4-17_f,1,W4-17_methanol,-1,W4-17_of,-1,W4-17_ch4,-167.40
HAT707_381,1,W4-17_f,1,W4-17_t-hcoh,-1,W4-17_cf,-1,W4-17_h2o,180.83
HAT707_382,1,W4-17_f,1,W4-17_t-hcoh,-1,W4-17_of,-1,W4-17_ch2-trip,-329.11
HAT707_383,1,W4-17_f,1,W4-17_formic,-1,W4-17_of,-1,W4-17_t-hcoh,-528.65
HAT707_384,1,W4-17_f,1,W4-17_formic,-1,W4-17_cf,-1,W4-17_hooh,-418.78
HAT707_385,1,W4-17_f,1,W4-17_ketene,-1,W4-17_of,-1,W4-17_ch2c,-503.96
HAT707_386,1,W4-17_f,1,W4-17_ketene,-1,W4-17_cf,-1,W4-17_h2co,-109.12
HAT707_387,1,W4-17_f,1,W4-17_glyoxal,-1,W4-17_of,-1,W4-17_oxirene,-526.97
HAT707_388,1,W4-17_f,1,W4-17_glyoxal,-1,W4-17_cf,-1,W4-17_formic,-2.01
HAT707_389,1,W4-17_f,1,W4-17_acetaldehyde,-1,W4-17_cf,-1,W4-17_methanol,-132.38
HAT707_390,1,W4-17_f,1,W4-17_acetaldehyde,-1,W4-17_of,-1,W4-17_c2h4,-253.93
HAT707_391,1,W4-17_f,1,W4-17_f2co,-1,W4-17_of,-1,W4-17_cf2,-455.14
HAT707_392,1,W4-17_f,1,W4-17_f2co,-1,W4-17_cf,-1,W4-17_f2o,-812.28
HAT707_393,1,W4-17_f,1,W4-17_hcof,-1,W4-17_f2,-1,W4-17_hco,-356.81
HAT707_394,1,W4-17_f,1,W4-17_h2co,-1,W4-17_of,-1,W4-17_ch2-trip,-547.43
HAT707_395,1,W4-17_f,1,W4-17_h2co,-1,W4-17_cf,-1,W4-17_h2o,-37.49
HAT707_396,1,W4-17_f,1,W4-17_hco,-1,W4-17_of,-1,W4-17_ch,-594.67
HAT707_397,1,W4-17_f,1,W4-17_cs2,-1,W4-17_cf,-1,W4-17_s2,-183.30
HAT707_398,1,W4-17_f,1,W4-17_ocs,-1,W4-17_of,-1,W4-17_cs,-462.12
HAT707_399,1,W4-17_f,1,W4-17_ocs,-1,W4-17_cf,-1,W4-17_so,-320.33
HAT707_400,1,W4-17_f,1,W4-17_co2,-1,W4-17_of,-1,W4-17_co,-323.59
HAT707_401,1,W4-17_f,1,W4-17_co2,-1,W4-17_cf,-1,W4-17_o2,-571.53
HAT707_402,1,W4-17_f,1,W4-17_cs,-1,W4-17_cf,-1,W4-17_s,-165.27
HAT707_403,1,W4-17_f,1,W4-17_sio,-1,W4-17_sif,-1,W4-17_o,-210.62
HAT707_404,1,W4-17_f,1,W4-17_sio,-1,W4-17_of,-1,W4-17_si,-585.68
HAT707_405,1,W4-17_f,1,W4-17_co,-1,W4-17_cf,-1,W4-17_o,-531.41
HAT707_406,1,W4-17_f,1,W4-17_co,-1,W4-17_of,-1,W4-17_c,-864.62
HAT707_407,1,W4-17_f,1,W4-17_cn,-1,W4-17_cf,-1,W4-17_n,-203.47
HAT707_408,1,W4-17_f,1,W4-17_alcl,-1,W4-17_alf,-1,W4-17_cl,172.21
HAT707_409,1,W4-17_f,1,W4-17_alcl,-1,W4-17_clf,-1,W4-17_al,-250.29
HAT707_410,1,W4-17_f,1,W4-17_alf,-1,W4-17_f2,-1,W4-17_al,-521.91
HAT707_411,1,W4-17_f,1,W4-17_t-hooo,-1,W4-17_of,-1,W4-17_hoo,-19.62
HAT707_412,1,W4-17_f,1,W4-17_o3,-1,W4-17_of,-1,W4-17_o2,110.75
HAT707_413,1,W4-17_f,1,W4-17_hooh,-1,W4-17_of,-1,W4-17_h2o,70.96
HAT707_414,1,W4-17_f,1,W4-17_h2o,-1,W4-17_of,-1,W4-17_h2,-294.60
HAT707_415,1,W4-17_f,1,W4-17_propyne,-1,W4-17_cf,-1,W4-17_c2h4,-36.78
HAT707_416,1,W4-17_f,1,W4-17_propene,-1,W4-17_cf,-1,W4-17_c2h6,-66.02
HAT707_417,1,W4-17_f,1,W4-17_c2h3f,-1,W4-17_f2,-1,W4-17_ch2ch,-371.41
HAT707_418,1,W4-17_f,1,W4-17_c2h3f,-1,W4-17_cf,-1,W4-17_ch3f,-76.19
HAT707_419,1,W4-17_f,1,W4-17_c2h4,-1,W4-17_cf,-1,W4-17_ch4,-45.86
HAT707_420,1,W4-17_f,1,W4-17_ch2ch,-1,W4-17_cf,-1,W4-17_ch3,-22.97
HAT707_421,1,W4-17_f,1,W4-17_fccf,-1,W4-17_cf,-1,W4-17_cf2,22.68
HAT707_422,1,W4-17_f,1,W4-17_hccf,-1,W4-17_f2,-1,W4-17_cch,-390.24
HAT707_423,1,W4-17_f,1,W4-17_c2h2,-1,W4-17_cf,-1,W4-17_ch2-trip,-343.34
HAT707_424,1,W4-17_f,1,W4-17_ccl2,-1,W4-17_cf,-1,W4-17_cl2,63.22
HAT707_425,1,W4-17_f,1,W4-17_cf2,-1,W4-17_f2,-1,W4-17_cf,-364.09
HAT707_426,1,W4-17_f,1,W4-17_ch2-trip,-1,W4-17_cf,-1,W4-17_h2,215.35
HAT707_427,1,W4-17_f,1,W4-17_sif,-1,W4-17_f2,-1,W4-17_si,-433.75
HAT707_428,1,W4-17_f,1,W4-17_clcn,-1,W4-17_clf,-1,W4-17_cn,-172.80
HAT707_429,1,W4-17_f,1,W4-17_cf,-1,W4-17_f2,-1,W4-17_c,-391.96
HAT707_430,1,W4-17_f,1,W4-17_bf,-1,W4-17_f2,-1,W4-17_b,-600.32
HAT707_431,1,W4-17_f,1,W4-17_bn3pi,-1,W4-17_bf,-1,W4-17_n,320.91
HAT707_432,1,W4-17_f,1,W4-17_s2o,-1,W4-17_of,-1,W4-17_s2,-215.27
HAT707_433,1,W4-17_f,1,W4-17_so3,-1,W4-17_of,-1,W4-17_so2,-139.12
HAT707_434,1,W4-17_f,1,W4-17_so2,-1,W4-17_of,-1,W4-17_so,-339.24
HAT707_435,1,W4-17_f,1,W4-17_so,-1,W4-17_of,-1,W4-17_s,-307.06
HAT707_436,1,W4-17_f,1,W4-17_cl2,-1,W4-17_clf,-1,W4-17_cl,12.76
HAT707_437,1,W4-17_f,1,W4-17_clf,-1,W4-17_f2,-1,W4-17_cl,-99.41
HAT707_438,1,W4-17_f,1,W4-17_o2,-1,W4-17_of,-1,W4-17_o,-283.47
HAT707_439,1,W4-17_f,1,W4-17_b2,-1,W4-17_bf,-1,W4-17_b,481.41
HAT707_440,1,W4-17_s,1,W4-17_foof,-1,W4-17_so,-1,W4-17_f2o,284.01
HAT707_441,1,W4-17_s,1,W4-17_fo2,-1,W4-17_so,-1,W4-17_of,187.53
HAT707_442,1,W4-17_s,1,W4-17_oclo,-1,W4-17_so,-1,W4-17_clo,266.90
HAT707_443,1,W4-17_s,1,W4-17_cl2o,-1,W4-17_so,-1,W4-17_cl2,354.64
HAT707_444,1,W4-17_s,1,W4-17_f2o,-1,W4-17_so,-1,W4-17_f2,300.12
HAT707_445,1,W4-17_s,1,W4-17_hocl,-1,W4-17_so,-1,W4-17_hcl,283.42
HAT707_446,1,W4-17_s,1,W4-17_hof,-1,W4-17_so,-1,W4-17_hf,457.94
HAT707_447,1,W4-17_s,1,W4-17_clo,-1,W4-17_so,-1,W4-17_cl,255.31
HAT707_448,1,W4-17_s,1,W4-17_of,-1,W4-17_so,-1,W4-17_f,307.06
HAT707_449,1,W4-17_s,1,W4-17_no2,-1,W4-17_so,-1,W4-17_no,214.76
HAT707_450,1,W4-17_s,1,W4-17_n2o,-1,W4-17_so,-1,W4-17_n2,351.87
HAT707_451,1,W4-17_s,1,W4-17_t-hono,-1,W4-17_so,-1,W4-17_hno,82.47
HAT707_452,1,W4-17_s,1,W4-17_hnco,-1,W4-17_cs,-1,W4-17_hno,-236.94
HAT707_453,1,W4-17_s,1,W4-17_hnco,-1,W4-17_so,-1,W4-17_hcn,21.55
HAT707_454,1,W4-17_s,1,W4-17_no,-1,W4-17_so,-1,W4-17_n,-109.96
HAT707_455,1,W4-17_s,1,W4-17_oxirene,-1,W4-17_so,-1,W4-17_c2h2,317.65
HAT707_456,1,W4-17_s,1,W4-17_oxirane,-1,W4-17_so,-1,W4-17_c2h4,163.30
HAT707_457,1,W4-17_s,1,W4-17_methanol,-1,W4-17_so,-1,W4-17_ch4,139.66
HAT707_458,1,W4-17_s,1,W4-17_t-hcoh,-1,W4-17_cs,-1,W4-17_h2o,346.10
HAT707_459,1,W4-17_s,1,W4-17_t-hcoh,-1,W4-17_so,-1,W4-17_ch2-trip,-22.05
HAT707_460,1,W4-17_s,1,W4-17_formic,-1,W4-17_so,-1,W4-17_t-hcoh,-221.58
HAT707_461,1,W4-17_s,1,W4-17_formic,-1,W4-17_cs,-1,W4-17_hooh,-253.51
HAT707_462,1,W4-17_s,1,W4-17_ketene,-1,W4-17_so,-1,W4-17_ch2c,-196.90
HAT707_463,1,W4-17_s,1,W4-17_ketene,-1,W4-17_cs,-1,W4-17_h2co,56.11
HAT707_464,1,W4-17_s,1,W4-17_glyoxal,-1,W4-17_so,-1,W4-17_oxirene,-219.91
HAT707_465,1,W4-17_s,1,W4-17_glyoxal,-1,W4-17_cs,-1,W4-17_formic,163.26
HAT707_466,1,W4-17_s,1,W4-17_acetaldehyde,-1,W4-17_cs,-1,W4-17_methanol,32.89
HAT707_467,1,W4-17_s,1,W4-17_acetaldehyde,-1,W4-17_so,-1,W4-17_c2h4,53.14
HAT707_468,1,W4-17_s,1,W4-17_f2co,-1,W4-17_so,-1,W4-17_cf2,-148.07
HAT707_469,1,W4-17_s,1,W4-17_f2co,-1,W4-17_cs,-1,W4-17_f2o,-647.01
HAT707_470,1,W4-17_s,1,W4-17_h2co,-1,W4-17_so,-1,W4-17_ch2-trip,-240.37
HAT707_471,1,W4-17_s,1,W4-17_h2co,-1,W4-17_cs,-1,W4-17_h2o,127.74
HAT707_472,1,W4-17_s,1,W4-17_hco,-1,W4-17_so,-1,W4-17_ch,-287.61
HAT707_473,1,W4-17_s,1,W4-17_cs2,-1,W4-17_cs,-1,W4-17_s2,-18.03
HAT707_474,1,W4-17_s,1,W4-17_ocs,-1,W4-17_so,-1,W4-17_cs,-155.06
HAT707_475,1,W4-17_s,1,W4-17_ocs,-1,W4-17_s2,-1,W4-17_co,118.11
HAT707_476,1,W4-17_s,1,W4-17_co2,-1,W4-17_so,-1,W4-17_co,-16.53
HAT707_477,1,W4-17_s,1,W4-17_co2,-1,W4-17_cs,-1,W4-17_o2,-406.27
HAT707_478,1,W4-17_s,1,W4-17_cs,-1,W4-17_s2,-1,W4-17_c,-284.39
HAT707_479,1,W4-17_s,1,W4-17_sio,-1,W4-17_so,-1,W4-17_si,-278.61
HAT707_480,1,W4-17_s,1,W4-17_co,-1,W4-17_cs,-1,W4-17_o,-366.14
HAT707_481,1,W4-17_s,1,W4-17_co,-1,W4-17_so,-1,W4-17_c,-557.56
HAT707_482,1,W4-17_s,1,W4-17_cn,-1,W4-17_cs,-1,W4-17_n,-38.20
HAT707_483,1,W4-17_s,1,W4-17_h2s,-1,W4-17_s2,-1,W4-17_h2,124.81
HAT707_484,1,W4-17_s,1,W4-17_t-hooo,-1,W4-17_so,-1,W4-17_hoo,287.44
HAT707_485,1,W4-17_s,1,W4-17_o3,-1,W4-17_so,-1,W4-17_o2,417.81
HAT707_486,1,W4-17_s,1,W4-17_hooh,-1,W4-17_so,-1,W4-17_h2o,378.02
HAT707_487,1,W4-17_s,1,W4-17_h2o,-1,W4-17_so,-1,W4-17_h2,12.47
HAT707_488,1,W4-17_s,1,W4-17_propyne,-1,W4-17_cs,-1,W4-17_c2h4,128.49
HAT707_489,1,W4-17_s,1,W4-17_propene,-1,W4-17_cs,-1,W4-17_c2h6,99.24
HAT707_490,1,W4-17_s,1,W4-17_c2h3f,-1,W4-17_cs,-1,W4-17_ch3f,89.08
HAT707_491,1,W4-17_s,1,W4-17_c2h4,-1,W4-17_cs,-1,W4-17_ch4,119.41
HAT707_492,1,W4-17_s,1,W4-17_ch2ch,-1,W4-17_cs,-1,W4-17_ch3,142.30
HAT707_493,1,W4-17_s,1,W4-17_fccf,-1,W4-17_cs,-1,W4-17_cf2,187.90
HAT707_494,1,W4-17_s,1,W4-17_c2h2,-1,W4-17_cs,-1,W4-17_ch2-trip,-178.07
HAT707_495,1,W4-17_s,1,W4-17_ccl2,-1,W4-17_cs,-1,W4-17_cl2,228.49
HAT707_496,1,W4-17_s,1,W4-17_cf2,-1,W4-17_cs,-1,W4-17_f2,-198.82
HAT707_497,1,W4-17_s,1,W4-17_ch2-trip,-1,W4-17_cs,-1,W4-17_h2,380.62
HAT707_498,1,W4-17_s,1,W4-17_cf,-1,W4-17_cs,-1,W4-17_f,165.27
HAT707_499,1,W4-17_s,1,W4-17_s2o,-1,W4-17_s2,-1,W4-17_so,91.80
HAT707_500,1,W4-17_s,1,W4-17_so3,-1,W4-17_so,-1,W4-17_so2,167.95
HAT707_501,1,W4-17_s,1,W4-17_so3,-1,W4-17_s2,-1,W4-17_o3,-398.57
HAT707_502,1,W4-17_s,1,W4-17_so2,-1,W4-17_so,-1,W4-17_so,-32.17
HAT707_503,1,W4-17_s,1,W4-17_so2,-1,W4-17_s2,-1,W4-17_o2,-148.74
HAT707_504,1,W4-17_s,1,W4-17_so,-1,W4-17_s2,-1,W4-17_o,-92.93
HAT707_505,1,W4-17_s,1,W4-17_s4-c2v,-1,W4-17_s2,-1,W4-17_s3,160.12
HAT707_506,1,W4-17_s,1,W4-17_s3,-1,W4-17_s2,-1,W4-17_s2,167.95
HAT707_507,1,W4-17_s,1,W4-17_o2,-1,W4-17_so,-1,W4-17_o,23.60
HAT707_508,1,W4-17_cl,1,W4-17_ch3f,-1,W4-17_clf,-1,W4-17_ch3,-218.78
HAT707_509,1,W4-17_cl,1,W4-17_foof,-1,W4-17_clf,-1,W4-17_fo2,188.91
HAT707_510,1,W4-17_cl,1,W4-17_foof,-1,W4-17_clo,-1,W4-17_f2o,28.70
HAT707_511,1,W4-17_cl,1,W4-17_fo2,-1,W4-17_clo,-1,W4-17_of,-67.78
HAT707_512,1,W4-17_cl,1,W4-17_fo2,-1,W4-17_clf,-1,W4-17_o2,204.60
HAT707_513,1,W4-17_cl,1,W4-17_oclo,-1,W4-17_clo,-1,W4-17_clo,11.59
HAT707_514,1,W4-17_cl,1,W4-17_oclo,-1,W4-17_cl2,-1,W4-17_o2,219.45
HAT707_515,1,W4-17_cl,1,W4-17_cl2o,-1,W4-17_clo,-1,W4-17_cl2,99.33
HAT707_516,1,W4-17_cl,1,W4-17_f2o,-1,W4-17_clf,-1,W4-17_of,92.42
HAT707_517,1,W4-17_cl,1,W4-17_f2o,-1,W4-17_clo,-1,W4-17_f2,44.81
HAT707_518,1,W4-17_cl,1,W4-17_hocl,-1,W4-17_clo,-1,W4-17_hcl,28.12
HAT707_519,1,W4-17_cl,1,W4-17_hof,-1,W4-17_clo,-1,W4-17_hf,202.63
HAT707_520,1,W4-17_cl,1,W4-17_clo,-1,W4-17_cl2,-1,W4-17_o,-23.85
HAT707_521,1,W4-17_cl,1,W4-17_of,-1,W4-17_clf,-1,W4-17_o,40.67
HAT707_522,1,W4-17_cl,1,W4-17_no2,-1,W4-17_clo,-1,W4-17_no,-40.54
HAT707_523,1,W4-17_cl,1,W4-17_n2o,-1,W4-17_clo,-1,W4-17_n2,96.57
HAT707_524,1,W4-17_cl,1,W4-17_t-hono,-1,W4-17_clo,-1,W4-17_hno,-172.84
HAT707_525,1,W4-17_cl,1,W4-17_hnco,-1,W4-17_clo,-1,W4-17_hcn,-233.76
HAT707_526,1,W4-17_cl,1,W4-17_no,-1,W4-17_clo,-1,W4-17_n,-365.26
HAT707_527,1,W4-17_cl,1,W4-17_oxirene,-1,W4-17_clo,-1,W4-17_c2h2,62.34
HAT707_528,1,W4-17_cl,1,W4-17_oxirane,-1,W4-17_clo,-1,W4-17_c2h4,-91.96
HAT707_529,1,W4-17_cl,1,W4-17_methanol,-1,W4-17_clo,-1,W4-17_ch4,-115.60
HAT707_530,1,W4-17_cl,1,W4-17_t-hcoh,-1,W4-17_clo,-1,W4-17_ch2-trip,-277.36
HAT707_531,1,W4-17_cl,1,W4-17_formic,-1,W4-17_clo,-1,W4-17_t-hcoh,-476.89
HAT707_532,1,W4-17_cl,1,W4-17_ketene,-1,W4-17_clo,-1,W4-17_ch2c,-452.21
HAT707_533,1,W4-17_cl,1,W4-17_glyoxal,-1,W4-17_clo,-1,W4-17_oxirene,-475.22
HAT707_534,1,W4-17_cl,1,W4-17_acetaldehyde,-1,W4-17_clo,-1,W4-17_c2h4,-202.17
HAT707_535,1,W4-17_cl,1,W4-17_f2co,-1,W4-17_clo,-1,W4-17_cf2,-403.38
HAT707_536,1,W4-17_cl,1,W4-17_hcof,-1,W4-17_clf,-1,W4-17_hco,-257.40
HAT707_537,1,W4-17_cl,1,W4-17_h2co,-1,W4-17_clo,-1,W4-17_ch2-trip,-495.68
HAT707_538,1,W4-17_cl,1,W4-17_hco,-1,W4-17_clo,-1,W4-17_ch,-542.87
HAT707_539,1,W4-17_cl,1,W4-17_ocs,-1,W4-17_clo,-1,W4-17_cs,-410.37
HAT707_540,1,W4-17_cl,1,W4-17_co2,-1,W4-17_clo,-1,W4-17_co,-271.83
HAT707_541,1,W4-17_cl,1,W4-17_sio,-1,W4-17_clo,-1,W4-17_si,-533.92
HAT707_542,1,W4-17_cl,1,W4-17_co,-1,W4-17_clo,-1,W4-17_c,-812.87
HAT707_543,1,W4-17_cl,1,W4-17_alcl,-1,W4-17_cl2,-1,W4-17_al,-263.05
HAT707_544,1,W4-17_cl,1,W4-17_alf,-1,W4-17_alcl,-1,W4-17_f,-172.21
HAT707_545,1,W4-17_cl,1,W4-17_alf,-1,W4-17_clf,-1,W4-17_al,-422.50
HAT707_546,1,W4-17_cl,1,W4-17_t-hooo,-1,W4-17_clo,-1,W4-17_hoo,32.13
HAT707_547,1,W4-17_cl,1,W4-17_o3,-1,W4-17_clo,-1,W4-17_o2,162.51
HAT707_548,1,W4-17_cl,1,W4-17_hooh,-1,W4-17_clo,-1,W4-17_h2o,122.72
HAT707_549,1,W4-17_cl,1,W4-17_hoo,-1,W4-17_oh,-1,W4-17_clo,-12.05
HAT707_550,1,W4-17_cl,1,W4-17_h2o,-1,W4-17_clo,-1,W4-17_h2,-242.80
HAT707_551,1,W4-17_cl,1,W4-17_c2h3f,-1,W4-17_clf,-1,W4-17_ch2ch,-272.00
HAT707_552,1,W4-17_cl,1,W4-17_hccf,-1,W4-17_clf,-1,W4-17_cch,-290.83
HAT707_553,1,W4-17_cl,1,W4-17_cf2,-1,W4-17_clf,-1,W4-17_cf,-264.68
HAT707_554,1,W4-17_cl,1,W4-17_sif,-1,W4-17_clf,-1,W4-17_si,-334.34
HAT707_555,1,W4-17_cl,1,W4-17_clcn,-1,W4-17_cl2,-1,W4-17_cn,-185.56
HAT707_556,1,W4-17_cl,1,W4-17_cf,-1,W4-17_clf,-1,W4-17_c,-292.55
HAT707_557,1,W4-17_cl,1,W4-17_bf,-1,W4-17_clf,-1,W4-17_b,-500.91
HAT707_558,1,W4-17_cl,1,W4-17_s2o,-1,W4-17_clo,-1,W4-17_s2,-163.51
HAT707_559,1,W4-17_cl,1,W4-17_so3,-1,W4-17_clo,-1,W4-17_so2,-87.36
HAT707_560,1,W4-17_cl,1,W4-17_so2,-1,W4-17_clo,-1,W4-17_so,-287.48
HAT707_561,1,W4-17_cl,1,W4-17_so,-1,W4-17_clo,-1,W4-17_s,-255.31
HAT707_562,1,W4-17_cl,1,W4-17_clf,-1,W4-17_cl2,-1,W4-17_f,-12.76
HAT707_563,1,W4-17_cl,1,W4-17_f2,-1,W4-17_clf,-1,W4-17_f,99.41
HAT707_564,1,W4-17_cl,1,W4-17_o2,-1,W4-17_clo,-1,W4-17_o,-231.71
HAT707_565,1,W4-17_oh,1,W4-17_ch3f,-1,W4-17_hof,-1,W4-17_ch3,-266.27
HAT707_566,1,W4-17_oh,1,W4-17_foof,-1,W4-17_hof,-1,W4-17_fo2,141.42
HAT707_567,1,W4-17_oh,1,W4-17_foof,-1,W4-17_hoo,-1,W4-17_f2o,40.75
HAT707_568,1,W4-17_oh,1,W4-17_fo2,-1,W4-17_hoo,-1,W4-17_of,-55.73
HAT707_569,1,W4-17_oh,1,W4-17_fo2,-1,W4-17_hof,-1,W4-17_o2,157.11
HAT707_570,1,W4-17_oh,1,W4-17_oclo,-1,W4-17_hoo,-1,W4-17_clo,23.64
HAT707_571,1,W4-17_oh,1,W4-17_oclo,-1,W4-17_hocl,-1,W4-17_o2,216.40
HAT707_572,1,W4-17_oh,1,W4-17_cl2o,-1,W4-17_hocl,-1,W4-17_clo,96.27
HAT707_573,1,W4-17_oh,1,W4-17_cl2o,-1,W4-17_hoo,-1,W4-17_cl2,111.38
HAT707_574,1,W4-17_oh,1,W4-17_f2o,-1,W4-17_hof,-1,W4-17_of,44.94
HAT707_575,1,W4-17_oh,1,W4-17_f2o,-1,W4-17_hoo,-1,W4-17_f2,56.86
HAT707_576,1,W4-17_oh,1,W4-17_hocl,-1,W4-17_hoo,-1,W4-17_hcl,40.17
HAT707_577,1,W4-17_oh,1,W4-17_hof,-1,W4-17_hoo,-1,W4-17_hf,214.68
HAT707_578,1,W4-17_oh,1,W4-17_clo,-1,W4-17_hocl,-1,W4-17_o,-26.90
HAT707_579,1,W4-17_oh,1,W4-17_clo,-1,W4-17_hoo,-1,W4-17_cl,12.05
HAT707_580,1,W4-17_oh,1,W4-17_of,-1,W4-17_hof,-1,W4-17_o,-6.82
HAT707_581,1,W4-17_oh,1,W4-17_of,-1,W4-17_hoo,-1,W4-17_f,63.81
HAT707_582,1,W4-17_oh,1,W4-17_no2,-1,W4-17_hoo,-1,W4-17_no,-28.49
HAT707_583,1,W4-17_oh,1,W4-17_no2,-1,W4-17_hno,-1,W4-17_o2,-35.06
HAT707_584,1,W4-17_oh,1,W4-17_n2o,-1,W4-17_hoo,-1,W4-17_n2,108.62
HAT707_585,1,W4-17_oh,1,W4-17_n2o,-1,W4-17_hno,-1,W4-17_no,-81.25
HAT707_586,1,W4-17_oh,1,W4-17_t-hono,-1,W4-17_hoo,-1,W4-17_hno,-160.79
HAT707_587,1,W4-17_oh,1,W4-17_hnco,-1,W4-17_hco,-1,W4-17_hno,-236.94
HAT707_588,1,W4-17_oh,1,W4-17_hnco,-1,W4-17_hoo,-1,W4-17_hcn,-221.71
HAT707_589,1,W4-17_oh,1,W4-17_no,-1,W4-17_hno,-1,W4-17_o,-226.19
HAT707_590,1,W4-17_oh,1,W4-17_no,-1,W4-17_hoo,-1,W4-17_n,-353.21
HAT707_591,1,W4-17_oh,1,W4-17_oxirene,-1,W4-17_hoo,-1,W4-17_c2h2,74.39
HAT707_592,1,W4-17_oh,1,W4-17_oxirane,-1,W4-17_hoo,-1,W4-17_c2h4,-79.96
HAT707_593,1,W4-17_oh,1,W4-17_methanol,-1,W4-17_hoo,-1,W4-17_ch4,-103.60
HAT707_594,1,W4-17_oh,1,W4-17_t-hcoh,-1,W4-17_hco,-1,W4-17_h2o,346.06
HAT707_595,1,W4-17_oh,1,W4-17_t-hcoh,-1,W4-17_hoo,-1,W4-17_ch2-trip,-265.31
HAT707_596,1,W4-17_oh,1,W4-17_formic,-1,W4-17_hoo,-1,W4-17_t-hcoh,-464.84
HAT707_597,1,W4-17_oh,1,W4-17_formic,-1,W4-17_hco,-1,W4-17_hooh,-253.55
HAT707_598,1,W4-17_oh,1,W4-17_ketene,-1,W4-17_hoo,-1,W4-17_ch2c,-440.16
HAT707_599,1,W4-17_oh,1,W4-17_ketene,-1,W4-17_hco,-1,W4-17_h2co,56.11
HAT707_600,1,W4-17_oh,1,W4-17_glyoxal,-1,W4-17_hoo,-1,W4-17_oxirene,-463.17
HAT707_601,1,W4-17_oh,1,W4-17_glyoxal,-1,W4-17_hco,-1,W4-17_formic,163.22
HAT707_602,1,W4-17_oh,1,W4-17_acetaldehyde,-1,W4-17_hco,-1,W4-17_methanol,32.84
HAT707_603,1,W4-17_oh,1,W4-17_acetaldehyde,-1,W4-17_hoo,-1,W4-17_c2h4,-190.12
HAT707_604,1,W4-17_oh,1,W4-17_f2co,-1,W4-17_hoo,-1,W4-17_cf2,-391.33
HAT707_605,1,W4-17_oh,1,W4-17_f2co,-1,W4-17_hco,-1,W4-17_f2o,-647.01
HAT707_606,1,W4-17_oh,1,W4-17_hcof,-1,W4-17_hof,-1,W4-17_hco,-304.93
HAT707_607,1,W4-17_oh,1,W4-17_h2co,-1,W4-17_hoo,-1,W4-17_ch2-trip,-483.63
HAT707_608,1,W4-17_oh,1,W4-17_h2co,-1,W4-17_hco,-1,W4-17_h2o,127.74
HAT707_609,1,W4-17_oh,1,W4-17_hco,-1,W4-17_hoo,-1,W4-17_ch,-530.87
HAT707_610,1,W4-17_oh,1,W4-17_cs2,-1,W4-17_hco,-1,W4-17_s2,-18.03
HAT707_611,1,W4-17_oh,1,W4-17_ocs,-1,W4-17_hoo,-1,W4-17_cs,-398.32
HAT707_612,1,W4-17_oh,1,W4-17_ocs,-1,W4-17_hco,-1,W4-17_so,-155.10
HAT707_613,1,W4-17_oh,1,W4-17_co2,-1,W4-17_hoo,-1,W4-17_co,-259.78
HAT707_614,1,W4-17_oh,1,W4-17_co2,-1,W4-17_hco,-1,W4-17_o2,-406.27
HAT707_615,1,W4-17_oh,1,W4-17_cs,-1,W4-17_hco,-1,W4-17_s,0.00
HAT707_616,1,W4-17_oh,1,W4-17_sio,-1,W4-17_hoo,-1,W4-17_si,-521.87
HAT707_617,1,W4-17_oh,1,W4-17_co,-1,W4-17_hco,-1,W4-17_o,-366.14
HAT707_618,1,W4-17_oh,1,W4-17_co,-1,W4-17_hoo,-1,W4-17_c,-800.82
HAT707_619,1,W4-17_oh,1,W4-17_hcn,-1,W4-17_hno,-1,W4-17_ch,-546.05
HAT707_620,1,W4-17_oh,1,W4-17_cn,-1,W4-17_hco,-1,W4-17_n,-38.24
HAT707_621,1,W4-17_oh,1,W4-17_cn,-1,W4-17_hno,-1,W4-17_c,-345.89
HAT707_622,1,W4-17_oh,1,W4-17_alcl,-1,W4-17_hocl,-1,W4-17_al,-266.10
HAT707_623,1,W4-17_oh,1,W4-17_alf,-1,W4-17_hof,-1,W4-17_al,-470.03
HAT707_624,1,W4-17_oh,1,W4-17_t-hooo,-1,W4-17_hoo,-1,W4-17_hoo,44.18
HAT707_625,1,W4-17_oh,1,W4-17_o3,-1,W4-17_hoo,-1,W4-17_o2,174.56
HAT707_626,1,W4-17_oh,1,W4-17_hooh,-1,W4-17_hoo,-1,W4-17_h2o,134.77
HAT707_627,1,W4-17_oh,1,W4-17_h2o,-1,W4-17_hoo,-1,W4-17_h2,-230.79
HAT707_628,1,W4-17_oh,1,W4-17_t-n2h2,-1,W4-17_hno,-1,W4-17_nh2,-63.85
HAT707_629,1,W4-17_oh,1,W4-17_propyne,-1,W4-17_hco,-1,W4-17_c2h4,128.45
HAT707_630,1,W4-17_oh,1,W4-17_propene,-1,W4-17_hco,-1,W4-17_c2h6,99.24
HAT707_631,1,W4-17_oh,1,W4-17_c2h3f,-1,W4-17_hof,-1,W4-17_ch2ch,-319.53
HAT707_632,1,W4-17_oh,1,W4-17_c2h3f,-1,W4-17_hco,-1,W4-17_ch3f,89.04
HAT707_633,1,W4-17_oh,1,W4-17_c2h4,-1,W4-17_hco,-1,W4-17_ch4,119.41
HAT707_634,1,W4-17_oh,1,W4-17_ch2ch,-1,W4-17_hco,-1,W4-17_ch3,142.26
HAT707_635,1,W4-17_oh,1,W4-17_fccf,-1,W4-17_hco,-1,W4-17_cf2,187.90
HAT707_636,1,W4-17_oh,1,W4-17_hccf,-1,W4-17_hof,-1,W4-17_cch,-338.32
HAT707_637,1,W4-17_oh,1,W4-17_c2h2,-1,W4-17_hco,-1,W4-17_ch2-trip,-178.11
HAT707_638,1,W4-17_oh,1,W4-17_ccl2,-1,W4-17_hco,-1,W4-17_cl2,228.49
HAT707_639,1,W4-17_oh,1,W4-17_cf2,-1,W4-17_hco,-1,W4-17_f2,-198.87
HAT707_640,1,W4-17_oh,1,W4-17_cf2,-1,W4-17_hof,-1,W4-17_cf,-312.21
HAT707_641,1,W4-17_oh,1,W4-17_ch2-trip,-1,W4-17_hco,-1,W4-17_h2,380.58
HAT707_642,1,W4-17_oh,1,W4-17_sif,-1,W4-17_hof,-1,W4-17_si,-381.83
HAT707_643,1,W4-17_oh,1,W4-17_clcn,-1,W4-17_hocl,-1,W4-17_cn,-188.57
HAT707_644,1,W4-17_oh,1,W4-17_cf,-1,W4-17_hof,-1,W4-17_c,-340.08
HAT707_645,1,W4-17_oh,1,W4-17_cf,-1,W4-17_hco,-1,W4-17_f,165.23
HAT707_646,1,W4-17_oh,1,W4-17_bf,-1,W4-17_hof,-1,W4-17_b,-548.40
HAT707_647,1,W4-17_oh,1,W4-17_bn3pi,-1,W4-17_hno,-1,W4-17_b,-29.83
HAT707_648,1,W4-17_oh,1,W4-17_s2o,-1,W4-17_hoo,-1,W4-17_s2,-151.46
HAT707_649,1,W4-17_oh,1,W4-17_so3,-1,W4-17_hoo,-1,W4-17_so2,-75.31
HAT707_650,1,W4-17_oh,1,W4-17_so2,-1,W4-17_hoo,-1,W4-17_so,-275.43
HAT707_651,1,W4-17_oh,1,W4-17_so,-1,W4-17_hoo,-1,W4-17_s,-243.26
HAT707_652,1,W4-17_oh,1,W4-17_cl2,-1,W4-17_hocl,-1,W4-17_cl,-3.05
HAT707_653,1,W4-17_oh,1,W4-17_clf,-1,W4-17_hocl,-1,W4-17_f,-15.82
HAT707_654,1,W4-17_oh,1,W4-17_clf,-1,W4-17_hof,-1,W4-17_cl,-47.49
HAT707_655,1,W4-17_oh,1,W4-17_f2,-1,W4-17_hof,-1,W4-17_f,51.88
HAT707_656,1,W4-17_oh,1,W4-17_o2,-1,W4-17_hoo,-1,W4-17_o,-219.66
HAT707_657,1,W4-17_oh,1,W4-17_n2,-1,W4-17_hno,-1,W4-17_n,-543.08
HAT707_658,1,W4-17_of,1,W4-17_ch3f,-1,W4-17_f2o,-1,W4-17_ch3,-311.21
HAT707_659,1,W4-17_of,1,W4-17_foof,-1,W4-17_f2o,-1,W4-17_fo2,96.48
HAT707_660,1,W4-17_of,1,W4-17_fo2,-1,W4-17_f2o,-1,W4-17_o2,112.17
HAT707_661,1,W4-17_of,1,W4-17_oclo,-1,W4-17_fo2,-1,W4-17_clo,79.37
HAT707_662,1,W4-17_of,1,W4-17_cl2o,-1,W4-17_fo2,-1,W4-17_cl2,167.11
HAT707_663,1,W4-17_of,1,W4-17_f2o,-1,W4-17_fo2,-1,W4-17_f2,112.59
HAT707_664,1,W4-17_of,1,W4-17_hocl,-1,W4-17_fo2,-1,W4-17_hcl,95.90
HAT707_665,1,W4-17_of,1,W4-17_hof,-1,W4-17_fo2,-1,W4-17_hf,270.41
HAT707_666,1,W4-17_of,1,W4-17_clo,-1,W4-17_fo2,-1,W4-17_cl,67.78
HAT707_667,1,W4-17_of,1,W4-17_of,-1,W4-17_f2o,-1,W4-17_o,-51.76
HAT707_668,1,W4-17_of,1,W4-17_of,-1,W4-17_fo2,-1,W4-17_f,119.54
HAT707_669,1,W4-17_of,1,W4-17_no2,-1,W4-17_fo2,-1,W4-17_no,27.24
HAT707_670,1,W4-17_of,1,W4-17_n2o,-1,W4-17_fo2,-1,W4-17_n2,164.35
HAT707_671,1,W4-17_of,1,W4-17_t-hono,-1,W4-17_fo2,-1,W4-17_hno,-105.06
HAT707_672,1,W4-17_of,1,W4-17_hnco,-1,W4-17_fo2,-1,W4-17_hcn,-165.98
HAT707_673,1,W4-17_of,1,W4-17_no,-1,W4-17_fo2,-1,W4-17_n,-297.48
HAT707_674,1,W4-17_of,1,W4-17_oxirene,-1,W4-17_fo2,-1,W4-17_c2h2,130.12
HAT707_675,1,W4-17_of,1,W4-17_oxirane,-1,W4-17_fo2,-1,W4-17_c2h4,-24.23
HAT707_676,1,W4-17_of,1,W4-17_methanol,-1,W4-17_fo2,-1,W4-17_ch4,-47.86
HAT707_677,1,W4-17_of,1,W4-17_t-hcoh,-1,W4-17_fo2,-1,W4-17_ch2-trip,-209.58
HAT707_678,1,W4-17_of,1,W4-17_formic,-1,W4-17_fo2,-1,W4-17_t-hcoh,-409.11
HAT707_679,1,W4-17_of,1,W4-17_ketene,-1,W4-17_fo2,-1,W4-17_ch2c,-384.43
HAT707_680,1,W4-17_of,1,W4-17_glyoxal,-1,W4-17_fo2,-1,W4-17_oxirene,-407.44
HAT707_681,1,W4-17_of,1,W4-17_acetaldehyde,-1,W4-17_fo2,-1,W4-17_c2h4,-134.39
HAT707_682,1,W4-17_of,1,W4-17_f2co,-1,W4-17_fo2,-1,W4-17_cf2,-335.60
HAT707_683,1,W4-17_of,1,W4-17_hcof,-1,W4-17_f2o,-1,W4-17_hco,-349.87
HAT707_684,1,W4-17_of,1,W4-17_h2co,-1,W4-17_fo2,-1,W4-17_ch2-trip,-427.90
HAT707_685,1,W4-17_of,1,W4-17_hco,-1,W4-17_fo2,-1,W4-17_ch,-475.13
HAT707_686,1,W4-17_of,1,W4-17_ocs,-1,W4-17_fo2,-1,W4-17_cs,-342.59
HAT707_687,1,W4-17_of,1,W4-17_co2,-1,W4-17_fo2,-1,W4-17_co,-204.05
HAT707_688,1,W4-17_of,1,W4-17_sio,-1,W4-17_fo2,-1,W4-17_si,-466.14
HAT707_689,1,W4-17_of,1,W4-17_co,-1,W4-17_fo2,-1,W4-17_c,-745.09
HAT707_690,1,W4-17_of,1,W4-17_alf,-1,W4-17_f2o,-1,W4-17_al,-514.97
HAT707_691,1,W4-17_of,1,W4-17_t-hooo,-1,W4-17_fo2,-1,W4-17_hoo,99.91
HAT707_692,1,W4-17_of,1,W4-17_o3,-1,W4-17_fo2,-1,W4-17_o2,230.29
HAT707_693,1,W4-17_of,1,W4-17_hooh,-1,W4-17_fo2,-1,W4-17_h2o,190.50
HAT707_694,1,W4-17_of,1,W4-17_h2o,-1,W4-17_fo2,-1,W4-17_h2,-175.06
HAT707_695,1,W4-17_of,1,W4-17_c2h3f,-1,W4-17_f2o,-1,W4-17_ch2ch,-364.47
HAT707_696,1,W4-17_of,1,W4-17_hccf,-1,W4-17_f2o,-1,W4-17_cch,-383.25
HAT707_697,1,W4-17_of,1,W4-17_cf2,-1,W4-17_f2o,-1,W4-17_cf,-357.15
HAT707_698,1,W4-17_of,1,W4-17_sif,-1,W4-17_f2o,-1,W4-17_si,-426.77
HAT707_699,1,W4-17_of,1,W4-17_cf,-1,W4-17_f2o,-1,W4-17_c,-385.01
HAT707_700,1,W4-17_of,1,W4-17_bf,-1,W4-17_f2o,-1,W4-17_b,-593.33
HAT707_701,1,W4-17_of,1,W4-17_s2o,-1,W4-17_fo2,-1,W4-17_s2,-95.73
HAT707_702,1,W4-17_of,1,W4-17_so3,-1,W4-17_fo2,-1,W4-17_so2,-19.58
HAT707_703,1,W4-17_of,1,W4-17_so2,-1,W4-17_fo2,-1,W4-17_so,-219.70
HAT707_704,1,W4-17_of,1,W4-17_so,-1,W4-17_fo2,-1,W4-17_s,-187.53
HAT707_705,1,W4-17_of,1,W4-17_clf,-1,W4-17_f2o,-1,W4-17_cl,-92.42
HAT707_706,1,W4-17_of,1,W4-17_f2,-1,W4-17_f2o,-1,W4-17_f,6.95
HAT707_707,1,W4-17_of,1,W4-17_o2,-1,W4-17_fo2,-1,W4-17_o,-163.93
ISOMERIZATION20_1,1,W4-17_oclo,-1,W4-17_cloo,-7.28
ISOMERIZATION20_2,1,W4-17_t-hono,-1,W4-17_c-hono,-1.80
ISOMERIZATION20_3,1,W4-17_hcn,-1,W4-17_hnc,-63.64
ISOMERIZATION20_4,1,W4-17_hnco,-1,W4-17_hocn,-103.22
ISOMERIZATION20_5,1,W4-17_hnco,-1,W4-17_honc,-353.92
ISOMERIZATION20_6,1,W4-17_hnco,-1,W4-17_hcno,-291.92
ISOMERIZATION20_7,1,W4-17_hocn,-1,W4-17_honc,-250.71
ISOMERIZATION20_8,1,W4-17_hocn,-1,W4-17_hcno,-188.70
ISOMERIZATION20_9,1,W4-17_hcno,-1,W4-17_honc,-62.01
ISOMERIZATION20_10,1,W4-17_h2co,-1,W4-17_t-hcoh,-218.32
ISOMERIZATION20_11,1,W4-17_t-hcoh,-1,W4-17_c-hcoh,-20.21
ISOMERIZATION20_12,1,W4-17_c2h2,-1,W4-17_ch2c,-190.75
ISOMERIZATION20_13,1,W4-17_t-hooo,-1,W4-17_c-hooo,-0.88
ISOMERIZATION20_14,1,W4-17_t-n2h2,-1,W4-17_c-n2h2,-22.59
ISOMERIZATION20_15,1,W4-17_propyne,-1,W4-17_allene,-6.28
ISOMERIZATION20_16,1,W4-17_formic,-1,W4-17_dioxirane,-384.38
ISOMERIZATION20_17,1,W4-17_ketene,-1,W4-17_oxirene,-323.80
ISOMERIZATION20_18,1,W4-17_acetaldehyde,-1,W4-17_oxirane,-110.21
ISOMERIZATION20_19,1,W4-17_h2cn,-1,W4-17_hcnh,-31.38
ISOMERIZATION20_20,1,W4-17_ch2nh2,-1,W4-17_ch3nh,-32.01
SN13_1,1,W4-17_ch3f,1,W4-17_h,-1,W4-17_f,-1,W4-17_ch4,-10.63
SN13_2,1,W4-17_ch2f2,1,W4-17_h,-1,W4-17_f,-1,W4-17_ch3f,-61.55
SN13_3,1,W4-17_ch3f,1,W4-17_ch3,-1,W4-17_f,-1,W4-17_c2h6,-74.27
SN13_4,1,W4-17_ch2f2,1,W4-17_ch3,-1,W4-17_f,-1,W4-17_c2h5f,-100.58
SN13_5,1,W4-17_c2h5f,1,W4-17_ch3,-1,W4-17_f,-1,W4-17_propane,-89.79
SN13_6,1,W4-17_ch3f,1,W4-17_nh2,-1,W4-17_f,-1,W4-17_ch3nh2,-97.28
SN13_7,1,W4-17_ch3f,1,W4-17_nh,-1,W4-17_f,-1,W4-17_ch3nh,-131.50
SN13_8,1,W4-17_ch3f,1,W4-17_oh,-1,W4-17_f,-1,W4-17_methanol,-69.75
SN13_9,1,W4-17_ch3f,1,W4-17_hco,-1,W4-17_f,-1,W4-17_acetaldehyde,-102.59
SN13_10,1,W4-17_ch3,1,W4-17_hcof,-1,W4-17_f,-1,W4-17_acetaldehyde,-141.21
SN13_11,1,W4-17_hcof,1,W4-17_h,-1,W4-17_f,-1,W4-17_h2co,-121.67
SN13_12,1,W4-17_f2co,1,W4-17_h,-1,W4-17_f,-1,W4-17_hcof,-70.67
SN13_13,1,W4-17_hcof,1,W4-17_hco,-1,W4-17_f,-1,W4-17_glyoxal,-201.08
